_id,ltable_ID,rtable_ID,ltable_Name,ltable_Category,ltable_Author,ltable_Price,ltable_Series,ltable_Pages,ltable_Publisher,ltable_Date,ltable_Language,ltable_ISBN_10,ltable_ISBN_13,ltable_Dimensions,ltable_Weight,rtable_Name,rtable_Category,rtable_Author,rtable_Price,rtable_Series,rtable_Pages,rtable_Publisher,rtable_Date,rtable_Language,rtable_ISBN_10,rtable_ISBN_13,rtable_Dimensions,rtable_Weight
0,422,523,Goddess of the Stars (Reptoid) (Volume 1),Science Fiction : Space Opera,Ronnie G. Anderson,$10.95,Reptoid,184 pages,CreateSpace Independent Publishing Platform,"""January 30, 2018""",English,198436863X,978-1984368638,6 x 0.4 x 9 inches,11.8 ounces,The Frozen,Science Fiction - Space Opera,Ronnie G. Anderson,$14.95,,302.0,Createspace Independent Publishing Platform,September 2017,,1976477522,9781976477522,9 x 6 x 0.63 inches,0.89 pounds
1,478,278,The Galaxy Primes,Science Fiction : Space Opera,"E. E. ""Doc"" Smith",$13.53,,230 pages,Vintage Sci-Fi Classics,"""January 17, 2018""",English,1528703154,978-1528703154,5.5 x 0.5 x 8.5 inches,10.6 ounces,Spacehounds of Ipc,Science Fiction - Space Opera,"E. E. ""Doc"" Smith",$14.99,,274.0,Vintage Sci-Fi Classics,January 2018,,1528703138,9781528703130,8.5 x 5.5 x 0.62 inches,0.77 pounds
2,492,225,Islands of Space,Science Fiction : Space Opera,John W. Campbell Jr.,$12.99,,200 pages,Vintage Sci-Fi Classics,"""January 17, 2018""",English,1528703278,978-1528703277,5.5 x 0.5 x 8.5 inches,9.3 ounces,The Ultimate Weapon,Science Fiction - Space Opera,Jr. John W. Campbell,$9.99,,106.0,Vintage Sci-Fi Classics,January 2018,,1528703294,9781528703291,8.5 x 5.5 x 0.25 inches,0.32 pounds
3,2517,4863,The Business of Life,Psychological Thrillers,Robert W. Chambers,$17.99,,332 pages,CreateSpace Independent Publishing Platform,"""February 19, 2018""",English,1985697831,978-1985697836,6 x 0.8 x 9 inches,1.3 pounds,The King in Yellow,Fantasy - Dark Fantasy,Robert W. Chambers,$6.99,,146.0,Createspace Independent Publishing Platform,April 2017,,1545423733,9781545423738,9 x 6 x 0.31 inches,0.45 pounds
4,426,217,Time Travel,Science Fiction : Space Opera,H. E. Sommers,$10.75,,280 pages,CreateSpace Independent Publishing Platform,"""January 29, 2018""",English,1984375768,978-1984375766,5 x 0.6 x 8 inches,13.1 ounces,Exoplanet Machine War,Science Fiction - Space Opera,H. E. Sommers,$12.80,,356.0,Createspace Independent Publishing Platform,January 2018,,1984915193,9781984915191,8 x 5 x 0.74 inches,0.78 pounds
5,478,269,The Galaxy Primes,Science Fiction : Space Opera,"E. E. ""Doc"" Smith",$13.53,,230 pages,Vintage Sci-Fi Classics,"""January 17, 2018""",English,1528703154,978-1528703154,5.5 x 0.5 x 8.5 inches,10.6 ounces,Subspace Survivors,Science Fiction - Space Opera,"E. E. ""Doc"" Smith",$9.99,,56.0,Vintage Sci-Fi Classics,January 2018,,1528703146,9781528703147,8.5 x 5.5 x 0.13 inches,0.18 pounds
6,421,240,Exoplanet Machine War,Science Fiction : Space Opera,H. E. Sommers,$12.80,,356 pages,CreateSpace Independent Publishing Platform,"""January 30, 2018""",English,1984915193,978-1984915191,5 x 0.8 x 8 inches,1 pounds,Time Travel,Science Fiction - Space Opera,H. E. Sommers,$10.75,,280.0,Createspace Independent Publishing Platform,January 2018,,1984375768,9781984375766,8 x 5 x 0.59 inches,0.62 pounds
7,376,240,"""Final Frontier War: Author, Time Travel""",Science Fiction : Space Opera,H. E. Sommers,$10.75,,282 pages,CreateSpace Independent Publishing Platform,"""February 8, 2018""",English,1984380354,978-1984380357,5 x 0.6 x 8 inches,13.3 ounces,Time Travel,Science Fiction - Space Opera,H. E. Sommers,$10.75,,280.0,Createspace Independent Publishing Platform,January 2018,,1984375768,9781984375766,8 x 5 x 0.59 inches,0.62 pounds
8,486,227,The Red Peri,Science Fiction : Space Opera,Stanley G. Weinbaum,$9.99,,72 pages,Vintage Sci-Fi Classics,"""January 17, 2018""",English,1528703391,978-1528703390,5.5 x 0.2 x 8.5 inches,3.7 ounces,The Planet of Doubt,Science Fiction - Space Opera,Stanley G. Weinbaum,$9.99,,42.0,Vintage Sci-Fi Classics,January 2018,,1528703383,9781528703383,8.5 x 5.5 x 0.1 inches,0.14 pounds
9,422,4911,Goddess of the Stars (Reptoid) (Volume 1),Science Fiction : Space Opera,Ronnie G. Anderson,$10.95,Reptoid,184 pages,CreateSpace Independent Publishing Platform,"""January 30, 2018""",English,198436863X,978-1984368638,6 x 0.4 x 9 inches,11.8 ounces,The Rites of Spring,Fantasy - Dark Fantasy,Ronnie G. Anderson,$10.95,,194.0,Createspace Independent Publishing Platform,March 2017,,1544655932,9781544655932,9 x 6 x 0.41 inches,0.59 pounds
10,604,6679,Jupiter Slingshot,Science Fiction : Space Opera,Ronnie G. Anderson,$13.95,,264 pages,CreateSpace Independent Publishing Platform,"""December 30, 2017""",English,1983429198,978-1983429194,6 x 0.6 x 9 inches,1 pounds,The Guest Ghost,Fantasy - Dark Fantasy,Ronnie G. Anderson,$17.99,,430.0,Createspace Independent Publishing Platform,February 2015,,1508480443,9781508480440,9 x 6 x 0.87 inches,1.26 pounds
11,2155,523,Waiting for Halloween,Fantasy : Dark,Ronnie G. Anderson,$11.95,,224 pages,CreateSpace Independent Publishing Platform,"""October 12, 2017""",English,1978189125,978-1978189126,6 x 0.5 x 9 inches,14.1 ounces,The Frozen,Science Fiction - Space Opera,Ronnie G. Anderson,$14.95,,302.0,Createspace Independent Publishing Platform,September 2017,,1976477522,9781976477522,9 x 6 x 0.63 inches,0.89 pounds
12,2217,6679,Moon Burns,Fantasy : Dark,Ronnie G. Anderson,$11.95,,224 pages,CreateSpace Independent Publishing Platform,"""October 3, 2017""",English,197790520X,978-1977905208,6 x 0.5 x 9 inches,14.1 ounces,The Guest Ghost,Fantasy - Dark Fantasy,Ronnie G. Anderson,$17.99,,430.0,Createspace Independent Publishing Platform,February 2015,,1508480443,9781508480440,9 x 6 x 0.87 inches,1.26 pounds
13,2155,329,Waiting for Halloween,Fantasy : Dark,Ronnie G. Anderson,$11.95,,224 pages,CreateSpace Independent Publishing Platform,"""October 12, 2017""",English,1978189125,978-1978189126,6 x 0.5 x 9 inches,14.1 ounces,Jupiter Slingshot,Science Fiction - Space Opera,Ronnie G. Anderson,$13.95,,264.0,Createspace Independent Publishing Platform,December 2017,,1983429198,9781983429194,9 x 6 x 0.55 inches,0.79 pounds
14,952,197,Lyssa's Run (The Sentience Wars - Origins) (Volume 2),Science Fiction : Space Opera,James S. Aaron and M. D. Cooper,$14.99,The Sentience Wars - Origins (Book 2),418 pages,CreateSpace Independent Publishing Platform,"""October 20, 2017""",English,1979077266,978-1979077262,5.2 x 1 x 8 inches,1.2 pounds,Lyssa's Flight,Science Fiction - Space Opera,James S. Aaron and M. D. Cooper,$12.99,,358.0,Createspace Independent Publishing Platform,January 2018,,1983897043,9781983897047,8 x 5.25 x 0.8 inches,0.9 pounds
15,2155,5436,Waiting for Halloween,Fantasy : Dark,Ronnie G. Anderson,$11.95,,224 pages,CreateSpace Independent Publishing Platform,"""October 12, 2017""",English,1978189125,978-1978189126,6 x 0.5 x 9 inches,14.1 ounces,Sweet Darkness,Fantasy - Dark Fantasy,Ronnie G. Anderson,$15.95,,332.0,Createspace Independent Publishing Platform,August 2016,,1537037110,9781537037110,9 x 6 x 0.69 inches,0.98 pounds
16,871,812,Collision Course (Perilous Alliance) (Volume 3),Science Fiction : Space Opera,M. D. Cooper and Chris J. Pike,$11.99,Perilous Alliance (Book 3),322 pages,CreateSpace Independent Publishing Platform,"""November 8, 2017""",English,1979599742,978-1979599740,5.2 x 0.8 x 8 inches,15.5 ounces,Close Proximity,Science Fiction - Space Opera,Chris J. Pike and M. D. Cooper,$13.99,,368.0,Createspace Independent Publishing Platform,May 2017,,154695404X,9781546954040,8 x 5.25 x 0.82 inches,0.92 pounds
17,501,201,Legacy,Science Fiction : Space Opera,James H. Schmitz,$14.99,,262 pages,Vintage Sci-Fi Classics,"""January 17, 2018""",English,1528703219,978-1528703215,5.5 x 0.6 x 8.5 inches,11.8 ounces,The Star Hyacinths,Science Fiction - Space Opera,James H. Schmitz,$9.99,,62.0,Vintage Sci-Fi Classics,January 2018,,1528703243,9781528703246,8.5 x 5.5 x 0.15 inches,0.2 pounds
18,494,245,The Star Hyacinths,Science Fiction : Space Opera,James H. Schmitz,$9.99,,62 pages,Vintage Sci-Fi Classics,"""January 17, 2018""",English,1528703243,978-1528703246,5.5 x 0.2 x 8.5 inches,3.2 ounces,Legacy,Science Fiction - Space Opera,James H. Schmitz,$14.99,,262.0,Vintage Sci-Fi Classics,January 2018,,1528703219,9781528703215,8.5 x 5.5 x 0.59 inches,0.74 pounds
19,1126,299,Hell Sent,Science Fiction : Space Opera,Michael Brown and Myles Edmundson,$12.00,,154 pages,CreateSpace Independent Publishing Platform,"""September 24, 2017""",English,1976537746,978-1976537745,6 x 0.4 x 9 inches,10.2 ounces,The Wreck  :  The Atlantis Chronicles,Science Fiction - Space Opera,Michael Brown and Myles Edmundson,$12.00,,174.0,Createspace Independent Publishing Platform,December 2017,,1981374531,9781981374533,9 x 6 x 0.37 inches,0.53 pounds
20,493,201,The Winds of Time,Science Fiction : Space Opera,James H. Schmitz,$9.99,,52 pages,Vintage Sci-Fi Classics,"""January 17, 2018""",English,1528703251,978-1528703253,5.5 x 0.1 x 8.5 inches,2.9 ounces,The Star Hyacinths,Science Fiction - Space Opera,James H. Schmitz,$9.99,,62.0,Vintage Sci-Fi Classics,January 2018,,1528703243,9781528703246,8.5 x 5.5 x 0.15 inches,0.2 pounds
21,500,271,The Planet of Doubt,Science Fiction : Space Opera,Stanley G. Weinbaum,$9.99,,42 pages,Vintage Sci-Fi Classics,"""January 17, 2018""",English,1528703383,978-1528703383,5.5 x 0.1 x 8.5 inches,2.4 ounces,Valley of Dreams,Science Fiction - Space Opera,Stanley G. Weinbaum,$9.99,,36.0,Vintage Sci-Fi Classics,January 2018,,1528703405,9781528703406,8.5 x 5.5 x 0.09 inches,0.13 pounds
22,500,228,The Planet of Doubt,Science Fiction : Space Opera,Stanley G. Weinbaum,$9.99,,42 pages,Vintage Sci-Fi Classics,"""January 17, 2018""",English,1528703383,978-1528703383,5.5 x 0.1 x 8.5 inches,2.4 ounces,The Red Peri,Science Fiction - Space Opera,Stanley G. Weinbaum,$9.99,,72.0,Vintage Sci-Fi Classics,January 2018,,1528703391,9781528703390,8.5 x 5.5 x 0.17 inches,0.22 pounds
23,491,258,The Ultimate Weapon,Science Fiction : Space Opera,John W. Campbell Jr.,$9.99,,106 pages,Vintage Sci-Fi Classics,"""January 17, 2018""",English,1528703294,978-1528703291,5.5 x 0.2 x 8.5 inches,5.1 ounces,The Black Star Passes,Science Fiction - Space Opera,Jr. John W. Campbell,$12.99,,230.0,Vintage Sci-Fi Classics,January 2018,,1528703286,9781528703284,8.5 x 5.5 x 0.52 inches,0.65 pounds
24,426,160,Time Travel,Science Fiction : Space Opera,H. E. Sommers,$10.75,,280 pages,CreateSpace Independent Publishing Platform,"""January 29, 2018""",English,1984375768,978-1984375766,5 x 0.6 x 8 inches,13.1 ounces,"""Final Frontier War  :  Author, Time Travel""",Science Fiction - Space Opera,H. E. Sommers,$10.75,,282.0,Createspace Independent Publishing Platform,February 2018,,1984380354,9781984380357,8 x 5 x 0.59 inches,0.62 pounds
25,479,261,The K-Factor,Science Fiction : Space Opera,Harry Harrison,$9.99,,42 pages,Vintage Sci-Fi Classics,"""January 17, 2018""",English,1528703502,978-1528703505,5.5 x 0.1 x 8.5 inches,2.4 ounces,Planet of the Damned,Science Fiction - Space Opera,Harry Harrison,$12.99,,184.0,Vintage Sci-Fi Classics,January 2018,,1528703480,9781528703482,8.5 x 5.5 x 0.42 inches,0.53 pounds
26,890,896,STAR GATE - das Original: Die 7. Kompilation: Die Bnde 61 bis 70 der laufenden Serie STAR GATE  das Original  zusammengefasst! (STAR GATE  das Original - Kompilation) (Volume 7) (German Edition),Science Fiction : Space Opera,Wilfried A. Hary Hrsg.,$23.00,STAR GATE - das Original - Kompilation,366 pages,CreateSpace Independent Publishing Platform,"""November 7, 2017""",German,197949617X,978-1979496179,6 x 0.8 x 9 inches,1.4 pounds,"Star Gate - Das Original  :  Die Sechste Kompilation: ""Die Bande 51 Bis 60 Der Laufenden Serie Star Gate - Das Original - Zusammengefasst!""",Science Fiction - Space Opera,Wilfried a. Hary Hrsg,$20.99,,380.0,Createspace Independent Publishing Platform,April 2017,,1545504857,9781545504857,9 x 6 x 0.78 inches,1.12 pounds
27,208,896,STAR GATE - das Original: Die 8. Kompilation: Die Bnde 71 bis 80 der laufenden Serie STAR GATE  das Original  zusammengefasst! (STAR GATE  das Original - Kompilation) (Volume 8) (German Edition),Science Fiction : Space Opera,Wilfried A. Hary Hrsg.,$24.99,STAR GATE - das Original - Kompilation,370 pages,CreateSpace Independent Publishing Platform,"""March 9, 2018""",German,1986342239,978-1986342230,6 x 0.8 x 9 inches,1.4 pounds,"Star Gate - Das Original  :  Die Sechste Kompilation: ""Die Bande 51 Bis 60 Der Laufenden Serie Star Gate - Das Original - Zusammengefasst!""",Science Fiction - Space Opera,Wilfried a. Hary Hrsg,$20.99,,380.0,Createspace Independent Publishing Platform,April 2017,,1545504857,9781545504857,9 x 6 x 0.78 inches,1.12 pounds
28,478,223,The Galaxy Primes,Science Fiction : Space Opera,"E. E. ""Doc"" Smith",$13.53,,230 pages,Vintage Sci-Fi Classics,"""January 17, 2018""",English,1528703154,978-1528703154,5.5 x 0.5 x 8.5 inches,10.6 ounces,Triplanetary,Science Fiction - Space Opera,"E. E. ""Doc"" Smith",$14.99,,294.0,Vintage Sci-Fi Classics,January 2018,,1528703170,9781528703178,8.5 x 5.5 x 0.66 inches,0.83 pounds
29,2217,523,Moon Burns,Fantasy : Dark,Ronnie G. Anderson,$11.95,,224 pages,CreateSpace Independent Publishing Platform,"""October 3, 2017""",English,197790520X,978-1977905208,6 x 0.5 x 9 inches,14.1 ounces,The Frozen,Science Fiction - Space Opera,Ronnie G. Anderson,$14.95,,302.0,Createspace Independent Publishing Platform,September 2017,,1976477522,9781976477522,9 x 6 x 0.63 inches,0.89 pounds
30,499,228,Parasite Planet,Science Fiction : Space Opera,Stanley G. Weinbaum,$9.99,,46 pages,Vintage Sci-Fi Classics,"""January 17, 2018""",English,1528703456,978-1528703451,5.5 x 0.1 x 8.5 inches,2.6 ounces,The Red Peri,Science Fiction - Space Opera,Stanley G. Weinbaum,$9.99,,72.0,Vintage Sci-Fi Classics,January 2018,,1528703391,9781528703390,8.5 x 5.5 x 0.17 inches,0.22 pounds
31,477,281,The Lotus Eaters,Science Fiction : Space Opera,Stanley G. Weinbaum,$9.99,,42 pages,Vintage Sci-Fi Classics,"""January 17, 2018""",English,1528703464,978-1528703468,5.5 x 0.1 x 8.5 inches,2.4 ounces,Parasite Planet,Science Fiction - Space Opera,Stanley G. Weinbaum,$9.99,,46.0,Vintage Sci-Fi Classics,January 2018,,1528703456,9781528703451,8.5 x 5.5 x 0.11 inches,0.15 pounds
32,208,425,STAR GATE - das Original: Die 8. Kompilation: Die Bnde 71 bis 80 der laufenden Serie STAR GATE  das Original  zusammengefasst! (STAR GATE  das Original - Kompilation) (Volume 8) (German Edition),Science Fiction : Space Opera,Wilfried A. Hary Hrsg.,$24.99,STAR GATE - das Original - Kompilation,370 pages,CreateSpace Independent Publishing Platform,"""March 9, 2018""",German,1986342239,978-1986342230,6 x 0.8 x 9 inches,1.4 pounds,"Star Gate - Das Original  :  Die 7. Kompilation: ""Die Bande 61 Bis 70 Der Laufenden Serie Star Gate - Das Original - Zusammengefasst!""",Science Fiction - Space Opera,Wilfried a. Hary Hrsg,$23.00,,366.0,Createspace Independent Publishing Platform,November 2017,,197949617X,9781979496179,9 x 6 x 0.76 inches,1.08 pounds
33,494,202,The Star Hyacinths,Science Fiction : Space Opera,James H. Schmitz,$9.99,,62 pages,Vintage Sci-Fi Classics,"""January 17, 2018""",English,1528703243,978-1528703246,5.5 x 0.2 x 8.5 inches,3.2 ounces,The Winds of Time,Science Fiction - Space Opera,James H. Schmitz,$9.99,,52.0,Vintage Sci-Fi Classics,January 2018,,1528703251,9781528703253,8.5 x 5.5 x 0.12 inches,0.17 pounds
34,499,271,Parasite Planet,Science Fiction : Space Opera,Stanley G. Weinbaum,$9.99,,46 pages,Vintage Sci-Fi Classics,"""January 17, 2018""",English,1528703456,978-1528703451,5.5 x 0.1 x 8.5 inches,2.6 ounces,Valley of Dreams,Science Fiction - Space Opera,Stanley G. Weinbaum,$9.99,,36.0,Vintage Sci-Fi Classics,January 2018,,1528703405,9781528703406,8.5 x 5.5 x 0.09 inches,0.13 pounds
35,889,2060,51-60: STAR GATE - das Original: Die 6. Kompilation: Die Bnde 51 bis 60 der laufenden Serie STAR GATE  das Original  zusammengefasst! (STAR GATE ... Kompilation) (Volume 6) (German Edition),Science Fiction : Space Opera,Wilfried A. Hary Hrsg.,$23.00,STAR GATE - das Original Kompilation (Book 6),378 pages,CreateSpace Independent Publishing Platform; Original edition,"""November 7, 2017""",German,1979517134,978-1979517133,6 x 0.9 x 9 inches,1.4 pounds,Star Gate - Das Original  :  Die 4. Kompilation: Die Bande 31 Bis 40 Der Laufenden Serie Star Gate - Das Original - Zusammengefasst!,Science Fiction - Space Opera,Wilfried A. Hary,$20.99,,412.0,Createspace Independent Publishing Platform,October 2015,,1518835929,9781518835926,9 x 6 x 0.84 inches,1.21 pounds
36,208,406,STAR GATE - das Original: Die 8. Kompilation: Die Bnde 71 bis 80 der laufenden Serie STAR GATE  das Original  zusammengefasst! (STAR GATE  das Original - Kompilation) (Volume 8) (German Edition),Science Fiction : Space Opera,Wilfried A. Hary Hrsg.,$24.99,STAR GATE - das Original - Kompilation,370 pages,CreateSpace Independent Publishing Platform,"""March 9, 2018""",German,1986342239,978-1986342230,6 x 0.8 x 9 inches,1.4 pounds,"Star Gate - Das Original  :  Die 6. Kompilation: ""Die Bande 51 Bis 60 Der Laufenden Serie Star Gate - Das Original - Zusammengefasst!",Science Fiction - Space Opera,Wilfried a. Hary Hrsg,$23.00,,380.0,Createspace Independent Publishing Platform,November 2017,,1979517134,9781979517133,9 x 6 x 0.78 inches,1.12 pounds
37,890,406,STAR GATE - das Original: Die 7. Kompilation: Die Bnde 61 bis 70 der laufenden Serie STAR GATE  das Original  zusammengefasst! (STAR GATE  das Original - Kompilation) (Volume 7) (German Edition),Science Fiction : Space Opera,Wilfried A. Hary Hrsg.,$23.00,STAR GATE - das Original - Kompilation,366 pages,CreateSpace Independent Publishing Platform,"""November 7, 2017""",German,197949617X,978-1979496179,6 x 0.8 x 9 inches,1.4 pounds,"Star Gate - Das Original  :  Die 6. Kompilation: ""Die Bande 51 Bis 60 Der Laufenden Serie Star Gate - Das Original - Zusammengefasst!",Science Fiction - Space Opera,Wilfried a. Hary Hrsg,$23.00,,380.0,Createspace Independent Publishing Platform,November 2017,,1979517134,9781979517133,9 x 6 x 0.78 inches,1.12 pounds
38,604,7184,Jupiter Slingshot,Science Fiction : Space Opera,Ronnie G. Anderson,$13.95,,264 pages,CreateSpace Independent Publishing Platform,"""December 30, 2017""",English,1983429198,978-1983429194,6 x 0.6 x 9 inches,1 pounds,Reality Bites,Fantasy - Dark Fantasy,Ronnie G. Anderson,$12.95,,244.0,Createspace Independent Publishing Platform,July 2014,,1500610011,9781500610012,9 x 6 x 0.51 inches,0.73 pounds
39,2155,5287,Waiting for Halloween,Fantasy : Dark,Ronnie G. Anderson,$11.95,,224 pages,CreateSpace Independent Publishing Platform,"""October 12, 2017""",English,1978189125,978-1978189126,6 x 0.5 x 9 inches,14.1 ounces,Werewolves,Fantasy - Dark Fantasy,Ronnie G. Anderson,$10.95,,222.0,Createspace Independent Publishing Platform,October 2016,,1539308065,9781539308065,9 x 6 x 0.47 inches,0.67 pounds
40,841,789,The Guardian: Eleven science fiction short stories (Scifi Anthologies),Science Fiction : Space Opera,Alasdair Shaw and C Gold,$9.99,Scifi Anthologies (Book 3),174 pages,Alasdair C Shaw,"""November 14, 2017""",English,0995511063,978-0995511064,6 x 0.4 x 9 inches,11.4 ounces,The Officer  :  Eleven Science Fiction Short Stories,Science Fiction - Space Opera,Alasdair Shaw,$10.99,,194.0,Alasdair C Shaw,June 2017,,0995511039,9780995511033,9 x 6 x 0.41 inches,0.59 pounds
41,2217,7184,Moon Burns,Fantasy : Dark,Ronnie G. Anderson,$11.95,,224 pages,CreateSpace Independent Publishing Platform,"""October 3, 2017""",English,197790520X,978-1977905208,6 x 0.5 x 9 inches,14.1 ounces,Reality Bites,Fantasy - Dark Fantasy,Ronnie G. Anderson,$12.95,,244.0,Createspace Independent Publishing Platform,July 2014,,1500610011,9781500610012,9 x 6 x 0.51 inches,0.73 pounds
42,735,512,The Wreck: The Atlantis Chronicles (Volume 2),Science Fiction : Space Opera,Michael Brown and Myles Edmundson,$12.00,The Atlantis Chronicles (Book 2),172 pages,CreateSpace Independent Publishing Platform,"""December 4, 2017""",English,1981374531,978-1981374533,6 x 0.4 x 9 inches,11.2 ounces,Hell Sent,Science Fiction - Space Opera,Michael Brown and Myles Edmundson,$12.00,,154.0,Createspace Independent Publishing Platform,September 2017,,1976537746,9781976537745,9 x 6 x 0.33 inches,0.47 pounds
43,2155,7153,Waiting for Halloween,Fantasy : Dark,Ronnie G. Anderson,$11.95,,224 pages,CreateSpace Independent Publishing Platform,"""October 12, 2017""",English,1978189125,978-1978189126,6 x 0.5 x 9 inches,14.1 ounces,Secrets,Fantasy - Dark Fantasy,Ronnie G. Anderson,$16.95,,384.0,Createspace Independent Publishing Platform,July 2014,,1500576646,9781500576646,9 x 6 x 0.79 inches,1.13 pounds
44,2155,5202,Waiting for Halloween,Fantasy : Dark,Ronnie G. Anderson,$11.95,,224 pages,CreateSpace Independent Publishing Platform,"""October 12, 2017""",English,1978189125,978-1978189126,6 x 0.5 x 9 inches,14.1 ounces,Holy Dragonslayer,Fantasy - Dark Fantasy,Ronnie G. Anderson,$26.95,,730.0,Createspace Independent Publishing Platform,November 2016,,1539953572,9781539953579,9 x 6 x 1.46 inches,2.11 pounds
45,2155,5191,Waiting for Halloween,Fantasy : Dark,Ronnie G. Anderson,$11.95,,224 pages,CreateSpace Independent Publishing Platform,"""October 12, 2017""",English,1978189125,978-1978189126,6 x 0.5 x 9 inches,14.1 ounces,Holy Dragonlady,Fantasy - Dark Fantasy,Ronnie G. Anderson,$27.95,,732.0,Createspace Independent Publishing Platform,November 2016,,1539953785,9781539953784,9 x 6 x 1.46 inches,2.12 pounds
46,958,482,"STAR GATE 043-044: Galaxis der Prupper: ...und ""Wie das Jngste Gericht"" (STAR GATE - das Original) (Volume 43) (German Edition)",Science Fiction : Space Opera,Wilfried A. Hary,$8.95,STAR GATE - das Original,130 pages,CreateSpace Independent Publishing Platform,"""October 19, 2017""",German,1978362854,978-1978362857,5.2 x 0.3 x 8 inches,7.4 ounces,"Star Gate 043-044  :  Galaxis Der Prupper: ...Und ""Wie Das Jungste Gericht""",Science Fiction - Space Opera,Wilfried a. Hary,$8.95,,130.0,Createspace Independent Publishing Platform,October 2017,,1978362854,9781978362857,7.99 x 5.24 x 0.28 inches,0.31 pounds
47,604,523,Jupiter Slingshot,Science Fiction : Space Opera,Ronnie G. Anderson,$13.95,,264 pages,CreateSpace Independent Publishing Platform,"""December 30, 2017""",English,1983429198,978-1983429194,6 x 0.6 x 9 inches,1 pounds,The Frozen,Science Fiction - Space Opera,Ronnie G. Anderson,$14.95,,302.0,Createspace Independent Publishing Platform,September 2017,,1976477522,9781976477522,9 x 6 x 0.63 inches,0.89 pounds
48,2217,329,Moon Burns,Fantasy : Dark,Ronnie G. Anderson,$11.95,,224 pages,CreateSpace Independent Publishing Platform,"""October 3, 2017""",English,197790520X,978-1977905208,6 x 0.5 x 9 inches,14.1 ounces,Jupiter Slingshot,Science Fiction - Space Opera,Ronnie G. Anderson,$13.95,,264.0,Createspace Independent Publishing Platform,December 2017,,1983429198,9781983429194,9 x 6 x 0.55 inches,0.79 pounds
49,2217,5191,Moon Burns,Fantasy : Dark,Ronnie G. Anderson,$11.95,,224 pages,CreateSpace Independent Publishing Platform,"""October 3, 2017""",English,197790520X,978-1977905208,6 x 0.5 x 9 inches,14.1 ounces,Holy Dragonlady,Fantasy - Dark Fantasy,Ronnie G. Anderson,$27.95,,732.0,Createspace Independent Publishing Platform,November 2016,,1539953785,9781539953784,9 x 6 x 1.46 inches,2.12 pounds
50,413,7803,Privilege Abound,Science Fiction : Space Opera,Ms Ellen Elizabeth Dudley and Ms Margaret Weissman,$9.99,,160 pages,CreateSpace Independent Publishing Platform; 1 edition,"""January 31, 2018""",English,1984932683,978-1984932686,6 x 0.4 x 9 inches,10.6 ounces,Murder Inc.  :  Dystopian Society.,Thrillers - Psychological,MS Ellen Elizabeth Dudley and MS Margaret Weissman,$9.95,,174.0,Createspace Independent Publishing Platform,December 2017,,1982064722,9781982064723,9 x 6 x 0.37 inches,0.53 pounds
51,2217,5436,Moon Burns,Fantasy : Dark,Ronnie G. Anderson,$11.95,,224 pages,CreateSpace Independent Publishing Platform,"""October 3, 2017""",English,197790520X,978-1977905208,6 x 0.5 x 9 inches,14.1 ounces,Sweet Darkness,Fantasy - Dark Fantasy,Ronnie G. Anderson,$15.95,,332.0,Createspace Independent Publishing Platform,August 2016,,1537037110,9781537037110,9 x 6 x 0.69 inches,0.98 pounds
52,604,5436,Jupiter Slingshot,Science Fiction : Space Opera,Ronnie G. Anderson,$13.95,,264 pages,CreateSpace Independent Publishing Platform,"""December 30, 2017""",English,1983429198,978-1983429194,6 x 0.6 x 9 inches,1 pounds,Sweet Darkness,Fantasy - Dark Fantasy,Ronnie G. Anderson,$15.95,,332.0,Createspace Independent Publishing Platform,August 2016,,1537037110,9781537037110,9 x 6 x 0.69 inches,0.98 pounds
53,604,5202,Jupiter Slingshot,Science Fiction : Space Opera,Ronnie G. Anderson,$13.95,,264 pages,CreateSpace Independent Publishing Platform,"""December 30, 2017""",English,1983429198,978-1983429194,6 x 0.6 x 9 inches,1 pounds,Holy Dragonslayer,Fantasy - Dark Fantasy,Ronnie G. Anderson,$26.95,,730.0,Createspace Independent Publishing Platform,November 2016,,1539953572,9781539953579,9 x 6 x 1.46 inches,2.11 pounds
54,604,5191,Jupiter Slingshot,Science Fiction : Space Opera,Ronnie G. Anderson,$13.95,,264 pages,CreateSpace Independent Publishing Platform,"""December 30, 2017""",English,1983429198,978-1983429194,6 x 0.6 x 9 inches,1 pounds,Holy Dragonlady,Fantasy - Dark Fantasy,Ronnie G. Anderson,$27.95,,732.0,Createspace Independent Publishing Platform,November 2016,,1539953785,9781539953784,9 x 6 x 1.46 inches,2.12 pounds
55,591,429,STAR GATE 171-172: Alarm auf Terra: Die Zukunft der Erde  und Angriff der Riesenlibellen! (STAR GATE  das Original) (German Edition),Science Fiction : Space Opera,Wilfried A. Hary and Werner K. Giesa,$8.95,STAR GATE - das Original,112 pages,CreateSpace Independent Publishing Platform,"""January 2, 2018""",German,1983461989,978-1983461989,5.2 x 0.3 x 8 inches,1.8 ounces,"Star Gate - Das Original 169-170  :  Jenseits Der Welten: ""Die Zukunft Der Erde - Und Angriff Der Riesenlibellen!",Science Fiction - Space Opera,Wilfried a. Hary and Werner K. Giesa,$8.95,,110.0,Createspace Independent Publishing Platform,November 2017,,1979922845,9781979922845,8 x 5.25 x 0.23 inches,0.27 pounds
56,591,368,STAR GATE 171-172: Alarm auf Terra: Die Zukunft der Erde  und Angriff der Riesenlibellen! (STAR GATE  das Original) (German Edition),Science Fiction : Space Opera,Wilfried A. Hary and Werner K. Giesa,$8.95,STAR GATE - das Original,112 pages,CreateSpace Independent Publishing Platform,"""January 2, 2018""",German,1983461989,978-1983461989,5.2 x 0.3 x 8 inches,1.8 ounces,"Star Gate 169-170  :  Jenseits Der Welten: ""Die Zukunft Der Erde - Und Angriff Der Riesenlibellen!""",Science Fiction - Space Opera,Wilfried a. Hary and Werner K. Giesa,$8.95,,110.0,Createspace Independent Publishing Platform,November 2017,,1979982090,9781979982092,8 x 5.25 x 0.23 inches,0.27 pounds
57,2155,7184,Waiting for Halloween,Fantasy : Dark,Ronnie G. Anderson,$11.95,,224 pages,CreateSpace Independent Publishing Platform,"""October 12, 2017""",English,1978189125,978-1978189126,6 x 0.5 x 9 inches,14.1 ounces,Reality Bites,Fantasy - Dark Fantasy,Ronnie G. Anderson,$12.95,,244.0,Createspace Independent Publishing Platform,July 2014,,1500610011,9781500610012,9 x 6 x 0.51 inches,0.73 pounds
58,900,424,STAR GATE 045-046: Die rote Sonne: und Die goldenen pfel der Hesperiden (STAR GATE - das Original) (Volume 45) (German Edition),Science Fiction : Space Opera,Wilfried A. Hary and W. Berner,$8.99,STAR GATE - das Original (Book 45),138 pages,CreateSpace Independent Publishing Platform,"""November 2, 2017""",German,1979368961,978-1979368964,5.2 x 0.3 x 8 inches,7.7 ounces,"Star Gate 045-046  :  Die Rote Sonne: ...Und ""Die Goldenen Apfel Der Hesperiden""",Science Fiction - Space Opera,Wilfried a. Hary and W. Berner,$8.99,,138.0,Createspace Independent Publishing Platform,November 2017,,1979368961,9781979368964,8 x 5.25 x 0.3 inches,0.33 pounds
59,890,2060,STAR GATE - das Original: Die 7. Kompilation: Die Bnde 61 bis 70 der laufenden Serie STAR GATE  das Original  zusammengefasst! (STAR GATE  das Original - Kompilation) (Volume 7) (German Edition),Science Fiction : Space Opera,Wilfried A. Hary Hrsg.,$23.00,STAR GATE - das Original - Kompilation,366 pages,CreateSpace Independent Publishing Platform,"""November 7, 2017""",German,197949617X,978-1979496179,6 x 0.8 x 9 inches,1.4 pounds,Star Gate - Das Original  :  Die 4. Kompilation: Die Bande 31 Bis 40 Der Laufenden Serie Star Gate - Das Original - Zusammengefasst!,Science Fiction - Space Opera,Wilfried A. Hary,$20.99,,412.0,Createspace Independent Publishing Platform,October 2015,,1518835929,9781518835926,9 x 6 x 0.84 inches,1.21 pounds
60,494,7777,The Star Hyacinths,Science Fiction : Space Opera,James H. Schmitz,$9.99,,62 pages,Vintage Sci-Fi Classics,"""January 17, 2018""",English,1528703243,978-1528703246,5.5 x 0.2 x 8.5 inches,3.2 ounces,Novice,Thrillers - Psychological,James H. Schmitz,$9.99,,54.0,Vintage Sci-Fi Classics,January 2018,,1528703235,9781528703239,8.5 x 5.5 x 0.13 inches,0.18 pounds
61,2217,5202,Moon Burns,Fantasy : Dark,Ronnie G. Anderson,$11.95,,224 pages,CreateSpace Independent Publishing Platform,"""October 3, 2017""",English,197790520X,978-1977905208,6 x 0.5 x 9 inches,14.1 ounces,Holy Dragonslayer,Fantasy - Dark Fantasy,Ronnie G. Anderson,$26.95,,730.0,Createspace Independent Publishing Platform,November 2016,,1539953572,9781539953579,9 x 6 x 1.46 inches,2.11 pounds
62,852,428,ALEXIAN et VALERIANE: Guerres intergalactiques  II (French Edition),Science Fiction : Space Opera,Georges Tesk,$9.93,,260 pages,CreateSpace Independent Publishing Platform; Large Print edition,"""November 12, 2017""",French,1979700583,978-1979700580,5.5 x 0.6 x 8.5 inches,14.1 ounces,Alexian Et Valeriane  :  Guerres Intergalactiques II,Science Fiction - Space Opera,Georges Teske,$9.93,,260.0,Createspace Independent Publishing Platform,November 2017,,1979700583,9781979700580,8.5 x 5.5 x 0.55 inches,0.67 pounds
63,847,432,Resonance: Dead Forever Book 3,Science Fiction : Space Opera,Consultant in Anaesthesia & Pain Medicine William Campbell PhD CSCS,$14.95,Dead Forever (Book 3),324 pages,William G. Campbell,"""November 13, 2017""",English,0999644548,978-0999644546,6 x 0.7 x 9 inches,1 pounds,Resonance  :  Dead Forever Book 3,Science Fiction - Space Opera,William Campbell,$14.95,,324.0,William G. Campbell,November 2017,,0999644548,9780999644546,9 x 6 x 0.73 inches,1.05 pounds
64,848,400,Apotheosis: Dead Forever Book 2,Science Fiction : Space Opera,Consultant in Anaesthesia & Pain Medicine William Campbell PhD CSCS,$14.95,Dead Forever (Book 2),354 pages,William G. Campbell,"""November 13, 2017""",English,0999644521,978-0999644522,6 x 0.8 x 9 inches,1.1 pounds,Apotheosis  :  Dead Forever Book 2,Science Fiction - Space Opera,William Campbell,$14.95,,354.0,William G. Campbell,November 2017,,0999644521,9780999644522,9 x 6 x 0.79 inches,1.14 pounds
65,486,281,The Red Peri,Science Fiction : Space Opera,Stanley G. Weinbaum,$9.99,,72 pages,Vintage Sci-Fi Classics,"""January 17, 2018""",English,1528703391,978-1528703390,5.5 x 0.2 x 8.5 inches,3.7 ounces,Parasite Planet,Science Fiction - Space Opera,Stanley G. Weinbaum,$9.99,,46.0,Vintage Sci-Fi Classics,January 2018,,1528703456,9781528703451,8.5 x 5.5 x 0.11 inches,0.15 pounds
66,208,2060,STAR GATE - das Original: Die 8. Kompilation: Die Bnde 71 bis 80 der laufenden Serie STAR GATE  das Original  zusammengefasst! (STAR GATE  das Original - Kompilation) (Volume 8) (German Edition),Science Fiction : Space Opera,Wilfried A. Hary Hrsg.,$24.99,STAR GATE - das Original - Kompilation,370 pages,CreateSpace Independent Publishing Platform,"""March 9, 2018""",German,1986342239,978-1986342230,6 x 0.8 x 9 inches,1.4 pounds,Star Gate - Das Original  :  Die 4. Kompilation: Die Bande 31 Bis 40 Der Laufenden Serie Star Gate - Das Original - Zusammengefasst!,Science Fiction - Space Opera,Wilfried A. Hary,$20.99,,412.0,Createspace Independent Publishing Platform,October 2015,,1518835929,9781518835926,9 x 6 x 0.84 inches,1.21 pounds
67,493,7777,The Winds of Time,Science Fiction : Space Opera,James H. Schmitz,$9.99,,52 pages,Vintage Sci-Fi Classics,"""January 17, 2018""",English,1528703251,978-1528703253,5.5 x 0.1 x 8.5 inches,2.9 ounces,Novice,Thrillers - Psychological,James H. Schmitz,$9.99,,54.0,Vintage Sci-Fi Classics,January 2018,,1528703235,9781528703239,8.5 x 5.5 x 0.13 inches,0.18 pounds
68,2217,7153,Moon Burns,Fantasy : Dark,Ronnie G. Anderson,$11.95,,224 pages,CreateSpace Independent Publishing Platform,"""October 3, 2017""",English,197790520X,978-1977905208,6 x 0.5 x 9 inches,14.1 ounces,Secrets,Fantasy - Dark Fantasy,Ronnie G. Anderson,$16.95,,384.0,Createspace Independent Publishing Platform,July 2014,,1500576646,9781500576646,9 x 6 x 0.79 inches,1.13 pounds
69,485,281,Valley of Dreams,Science Fiction : Space Opera,Stanley G. Weinbaum,$9.99,,36 pages,Vintage Sci-Fi Classics,"""January 17, 2018""",English,1528703405,978-1528703406,5.5 x 0.1 x 8.5 inches,2.1 ounces,Parasite Planet,Science Fiction - Space Opera,Stanley G. Weinbaum,$9.99,,46.0,Vintage Sci-Fi Classics,January 2018,,1528703456,9781528703451,8.5 x 5.5 x 0.11 inches,0.15 pounds
70,487,281,A Martian Odyssey,Science Fiction : Space Opera,Stanley G. Weinbaum,$9.99,,42 pages,Vintage Sci-Fi Classics,"""January 17, 2018""",English,1528703359,978-1528703352,5.5 x 0.1 x 8.5 inches,2.4 ounces,Parasite Planet,Science Fiction - Space Opera,Stanley G. Weinbaum,$9.99,,46.0,Vintage Sci-Fi Classics,January 2018,,1528703456,9781528703451,8.5 x 5.5 x 0.11 inches,0.15 pounds
71,327,173,STAR GATE 049-050: Welten im Krieg: und Feindliche bernahme (STAR GATE - das Original) (Volume 49) (German Edition),Science Fiction : Space Opera,Wilfried A. Hary,$9.99,STAR GATE - das Original,128 pages,CreateSpace Independent Publishing Platform,"""February 18, 2018""",German,1985665700,978-1985665705,5.2 x 0.3 x 8 inches,7.2 ounces,"Star Gate 049-050  :  Welten Im Krieg: ...Und ""Feindliche Bernahme",Science Fiction - Space Opera,Wilfried a. Hary,$9.99,,128.0,Createspace Independent Publishing Platform,February 2018,,1985665700,9781985665705,8 x 5.25 x 0.27 inches,0.31 pounds
72,604,7153,Jupiter Slingshot,Science Fiction : Space Opera,Ronnie G. Anderson,$13.95,,264 pages,CreateSpace Independent Publishing Platform,"""December 30, 2017""",English,1983429198,978-1983429194,6 x 0.6 x 9 inches,1 pounds,Secrets,Fantasy - Dark Fantasy,Ronnie G. Anderson,$16.95,,384.0,Createspace Independent Publishing Platform,July 2014,,1500576646,9781500576646,9 x 6 x 0.79 inches,1.13 pounds
73,604,5287,Jupiter Slingshot,Science Fiction : Space Opera,Ronnie G. Anderson,$13.95,,264 pages,CreateSpace Independent Publishing Platform,"""December 30, 2017""",English,1983429198,978-1983429194,6 x 0.6 x 9 inches,1 pounds,Werewolves,Fantasy - Dark Fantasy,Ronnie G. Anderson,$10.95,,222.0,Createspace Independent Publishing Platform,October 2016,,1539308065,9781539308065,9 x 6 x 0.47 inches,0.67 pounds
74,2217,5287,Moon Burns,Fantasy : Dark,Ronnie G. Anderson,$11.95,,224 pages,CreateSpace Independent Publishing Platform,"""October 3, 2017""",English,197790520X,978-1977905208,6 x 0.5 x 9 inches,14.1 ounces,Werewolves,Fantasy - Dark Fantasy,Ronnie G. Anderson,$10.95,,222.0,Createspace Independent Publishing Platform,October 2016,,1539308065,9781539308065,9 x 6 x 0.47 inches,0.67 pounds
75,1336,3944,DarkWalker 2: Inferno (Volume 2),Fantasy : Dark,John Urbancik,$12.00,DarkWalker,196 pages,DarkFluidity,"""March 4, 2018""",English,0998388262,978-0998388267,5 x 0.5 x 8 inches,9.8 ounces,Darkwalker 2  :  Inferno,Fantasy - Dark Fantasy,John Urbancik,$12.00,,196.0,Darkfluidity,March 2018,,0998388262,9780998388267,8 x 5 x 0.45 inches,0.48 pounds
76,1762,4194,Garden of Salt and Stone,Fantasy : Dark,A L Burgess Jr.,$12.99,,332 pages,A. L. Burgess Jr.; 1 edition,"""December 17, 2017""",English,099156216X,978-0991562169,6 x 0.8 x 9 inches,1.3 pounds,Garden of Salt and Stone,Fantasy - Dark Fantasy,A. L. Burgess Jr,$12.99,,334.0,A. L. Burgess Jr.,December 2017,,099156216X,9780991562169,9 x 6 x 0.75 inches,1.08 pounds
77,2361,7906,The Child Next Door: An unputdownable psychological thriller with a brilliant twist,Psychological Thrillers,Shalini Boland,$10.99,,284 pages,Bookouture,"""March 29, 2018""",English,1786813823,978-1786813824,5.1 x 0.6 x 7.8 inches,9.9 ounces,The Mistake  :  An Unputdownable Psychological Thriller with a Brilliant Twist,Thrillers - Psychological,K. L. Slater,$10.99,,318.0,Bookouture,October 2017,,1786812444,9781786812445,7.8 x 5.08 x 0.66 inches,0.69 pounds
78,364,191,STAR GATE 173-174: Spirale der Gewalt: Die EXALIBUR im Einsatz  doch zu welchem Preis? (STAR GATE  das Original) (German Edition),Science Fiction : Space Opera,Wilfried A. Hary and Werner K. Giesa,$9.50,STAR GATE - das Original,118 pages,CreateSpace Independent Publishing Platform,"""February 10, 2018""",German,1985241293,978-1985241299,5.2 x 0.3 x 8 inches,6.7 ounces,"Star Gate 173-174  :  Spirale Der Gewalt: ""Die Exalibur Im Einsatz - Doch Zu Welchem Preis?""",Science Fiction - Space Opera,Wilfried a. Hary and Werner K. Giesa,$9.50,,120.0,Createspace Independent Publishing Platform,February 2018,,1985241293,9781985241299,8 x 5.25 x 0.25 inches,0.29 pounds
79,485,227,Valley of Dreams,Science Fiction : Space Opera,Stanley G. Weinbaum,$9.99,,36 pages,Vintage Sci-Fi Classics,"""January 17, 2018""",English,1528703405,978-1528703406,5.5 x 0.1 x 8.5 inches,2.1 ounces,The Planet of Doubt,Science Fiction - Space Opera,Stanley G. Weinbaum,$9.99,,42.0,Vintage Sci-Fi Classics,January 2018,,1528703383,9781528703383,8.5 x 5.5 x 0.1 inches,0.14 pounds
80,499,205,Parasite Planet,Science Fiction : Space Opera,Stanley G. Weinbaum,$9.99,,46 pages,Vintage Sci-Fi Classics,"""January 17, 2018""",English,1528703456,978-1528703451,5.5 x 0.1 x 8.5 inches,2.6 ounces,The Lotus Eaters,Science Fiction - Space Opera,Stanley G. Weinbaum,$9.99,,42.0,Vintage Sci-Fi Classics,January 2018,,1528703464,9781528703468,8.5 x 5.5 x 0.1 inches,0.14 pounds
81,102,71,Blue Shift: A thrilling alien space adventure with an unforgettable new heroine (Second Species Trilogy),Science Fiction : Space Opera,Jane O'Reilly,$13.99,Second Species Trilogy,336 pages,Piatkus,"""June 5, 2018""",English,0349416583,978-0349416588,7.7 x 0.8 x 4.9 inches,8.3 ounces,Blue Shift  :  A Thrilling Alien Space Adventure with an Unforgettable New Heroine,Science Fiction - Space Opera,Jane O'Reilly,$13.99,,336.0,Piatkus,June 2018,,0349416583,9780349416588,,
82,501,7777,Legacy,Science Fiction : Space Opera,James H. Schmitz,$14.99,,262 pages,Vintage Sci-Fi Classics,"""January 17, 2018""",English,1528703219,978-1528703215,5.5 x 0.6 x 8.5 inches,11.8 ounces,Novice,Thrillers - Psychological,James H. Schmitz,$9.99,,54.0,Vintage Sci-Fi Classics,January 2018,,1528703235,9781528703239,8.5 x 5.5 x 0.13 inches,0.18 pounds
83,89,58,Hybrid Child: A Novel (Parallel Futures),Science Fiction : Space Opera,Mariko Ohara and Jodie Beck,,Parallel Futures,304 pages,Univ Of Minnesota Press; 1 edition,"""June 15, 2018""",English,1517904900,978-1517904906,5.5 x 1.5 x 8.5 inches,1.1 pounds,Hybrid Child,Science Fiction - Space Opera,Mariko Ohara and Jodie Beck,$19.95,,304.0,University of Minnesota Press,June 2018,,1517904900,9781517904906,8.5 x 5.5 x 1.5 inches,
84,1020,3319,Gravlander,Science Fiction : Space Opera,Erik Wecks,$15.99,,434 pages,CreateSpace Independent Publishing Platform,"""October 9, 2017""",English,1978137311,978-1978137318,6 x 1.1 x 9 inches,1.6 pounds,Aetna Adrift,Science Fiction - Space Opera,Erik Wecks,$11.00,,298.0,Createspace Independent Publishing Platform,July 2013,,1490947949,9781490947945,9 x 6 x 0.62 inches,0.88 pounds
85,1977,4232,The Anguished Queen: An Annarii Fae Prequel Novella,Fantasy : Dark,"""Maslo, A""",$9.99,Annarii Fae,118 pages,A. Maslo,"""November 11, 2017""",English,0998398926,978-0998398921,5 x 0.3 x 8 inches,6.6 ounces,The Anguished Queen  :  An Annarii Fae Prequel Novella,Fantasy - Dark Fantasy,A. Maslo,$9.99,,118.0,A. Maslo,November 2017,,0998398926,9780998398921,8 x 5 x 0.28 inches,0.3 pounds
86,1674,4042,A Righteous Killer: Blood Murder Betrayal,Fantasy : Dark,ELLACE JAMES,$18.67,,300 pages,AuthorHouseUK,"""January 3, 2018""",English,154628673X,978-1546286738,6 x 0.8 x 9 inches,1.1 pounds,A Righteous Killer  :  Blood Murder Betrayal,Fantasy - Dark Fantasy,Ellace James,$18.67,,300.0,Authorhouse,January 2018,,154628673X,9781546286738,9 x 6 x 0.67 inches,0.97 pounds
87,500,205,The Planet of Doubt,Science Fiction : Space Opera,Stanley G. Weinbaum,$9.99,,42 pages,Vintage Sci-Fi Classics,"""January 17, 2018""",English,1528703383,978-1528703383,5.5 x 0.1 x 8.5 inches,2.4 ounces,The Lotus Eaters,Science Fiction - Space Opera,Stanley G. Weinbaum,$9.99,,42.0,Vintage Sci-Fi Classics,January 2018,,1528703464,9781528703468,8.5 x 5.5 x 0.1 inches,0.14 pounds
88,477,227,The Lotus Eaters,Science Fiction : Space Opera,Stanley G. Weinbaum,$9.99,,42 pages,Vintage Sci-Fi Classics,"""January 17, 2018""",English,1528703464,978-1528703468,5.5 x 0.1 x 8.5 inches,2.4 ounces,The Planet of Doubt,Science Fiction - Space Opera,Stanley G. Weinbaum,$9.99,,42.0,Vintage Sci-Fi Classics,January 2018,,1528703383,9781528703383,8.5 x 5.5 x 0.1 inches,0.14 pounds
89,2728,7780,Passing Through,Psychological Thrillers,R W K Clark,$13.95,,334 pages,Clarkltd,"""January 3, 2018""",English,1948312018,978-1948312011,5 x 0.8 x 8 inches,15.4 ounces,Passing Through,Thrillers - Psychological,R. W. K. Clark,$13.95,,334.0,Clarkltd,January 2018,,1948312018,9781948312011,7.99 x 5 x 0.75 inches,0.8 pounds
90,689,331,HdW 050: Entscheidung auf Zyzschniy: Der Untergang wurde nur scheinbar verhindert - und die Entscheidung wird unaufschiebbar! (HERR DER WELTEN) (Volume 50) (German Edition),Science Fiction : Space Opera,Erno Fischer,$5.99,HERR DER WELTEN (Book 50),66 pages,CreateSpace Independent Publishing Platform,"""December 13, 2017""",German,1981667989,978-1981667987,5.2 x 0.2 x 8 inches,4.5 ounces,Hdw 050  :  Entscheidung Auf Zyzschniy: Der Untergang Wurde Nur Scheinbar Verhindert - Und Die Entscheidung Wird Unaufschiebbar!,Science Fiction - Space Opera,Erno Fischer,$5.99,,66.0,Createspace Independent Publishing Platform,December 2017,,1981667989,9781981667987,8 x 5.25 x 0.14 inches,0.17 pounds
91,487,205,A Martian Odyssey,Science Fiction : Space Opera,Stanley G. Weinbaum,$9.99,,42 pages,Vintage Sci-Fi Classics,"""January 17, 2018""",English,1528703359,978-1528703352,5.5 x 0.1 x 8.5 inches,2.4 ounces,The Lotus Eaters,Science Fiction - Space Opera,Stanley G. Weinbaum,$9.99,,42.0,Vintage Sci-Fi Classics,January 2018,,1528703464,9781528703468,8.5 x 5.5 x 0.1 inches,0.14 pounds
92,487,227,A Martian Odyssey,Science Fiction : Space Opera,Stanley G. Weinbaum,$9.99,,42 pages,Vintage Sci-Fi Classics,"""January 17, 2018""",English,1528703359,978-1528703352,5.5 x 0.1 x 8.5 inches,2.4 ounces,The Planet of Doubt,Science Fiction - Space Opera,Stanley G. Weinbaum,$9.99,,42.0,Vintage Sci-Fi Classics,January 2018,,1528703383,9781528703383,8.5 x 5.5 x 0.1 inches,0.14 pounds
93,1951,4196,THE RINGMAKER,Fantasy : Dark,H. M. Sanders,$15.95,,202 pages,"""Booklocker.com, Inc.""","""November 15, 2017""",English,163492598X,978-1634925983,6 x 0.5 x 9 inches,10.7 ounces,The Ringmaker,Fantasy - Dark Fantasy,H. M. Sanders,$15.95,,202.0,Booklocker.com,November 2017,,163492598X,9781634925983,9 x 6 x 0.46 inches,0.67 pounds
94,534,265,The Stopgap Spaceman,Science Fiction : Space Opera,GRAHAM ANDREWS,$13.95,,238 pages,FeedaRead.com,"""January 11, 2018""",English,1788762177,978-1788762175,5 x 0.5 x 8 inches,9.3 ounces,The Stopgap Spaceman,Science Fiction - Space Opera,Graham Andrews,$13.95,,238.0,FeedARead.com,January 2018,,1788762177,9781788762175,7.99 x 5 x 0.54 inches,0.58 pounds
95,1110,528,Scarab,Science Fiction : Space Opera,ERIC CARL WOLF,$12.50,,346 pages,CreateSpace Independent Publishing Platform,"""September 25, 2017""",English,1973787849,978-1973787846,5.1 x 0.8 x 7.8 inches,15.7 ounces,Scarab,Science Fiction - Space Opera,Eric Carl Wolf,$12.50,,346.0,Createspace Independent Publishing Platform,September 2017,,1973787849,9781973787846,7.8 x 5.08 x 0.72 inches,0.75 pounds
96,1721,4833,A Time to Rend (Elemental Rage) (Volume 3),Fantasy : Dark,Jeanette Raleigh,$13.99,Elemental Rage (Book 3),286 pages,CreateSpace Independent Publishing Platform,"""December 23, 2017""",English,1981783814,978-1981783816,6 x 0.6 x 9 inches,1.1 pounds,Tryst of Fate,Fantasy - Dark Fantasy,Jeanette Raleigh,$13.95,,188.0,Createspace Independent Publishing Platform,April 2017,,1544212747,9781544212746,9 x 6 x 0.4 inches,0.57 pounds
97,1722,4833,A Time to Die (Elemental Rage) (Volume 2),Fantasy : Dark,Jeanette Raleigh,$14.99,Elemental Rage (Book 2),324 pages,CreateSpace Independent Publishing Platform,"""December 23, 2017""",English,1981783784,978-1981783786,6 x 0.7 x 9 inches,1.2 pounds,Tryst of Fate,Fantasy - Dark Fantasy,Jeanette Raleigh,$13.95,,188.0,Createspace Independent Publishing Platform,April 2017,,1544212747,9781544212746,9 x 6 x 0.4 inches,0.57 pounds
98,1584,4758,Worlds on Fire: Guardians Book 1.5,Fantasy : Dark,Lexi Ostrow,$6.99,Guardians,152 pages,CreateSpace Independent Publishing Platform,"""January 21, 2018""",English,1516812387,978-1516812387,6 x 0.4 x 9 inches,10.1 ounces,Vampire,Fantasy - Dark Fantasy,Wild Pages Press,$6.99,,152.0,Createspace Independent Publishing Platform,May 2017,,1546756418,9781546756415,9 x 6 x 0.33 inches,0.47 pounds
99,1576,4677,Morals of the Youth,Fantasy : Dark,Jerome Brooke,$7.29,,84 pages,CreateSpace Independent Publishing Platform; 3 edition,"""January 23, 2018""",English,1984172980,978-1984172983,6 x 0.2 x 9 inches,6.4 ounces,The Circle of Swords,Fantasy - Dark Fantasy,Jerome Brooke,$7.99,,52.0,Createspace Independent Publishing Platform,June 2017,,1547114983,9781547114986,9 x 6 x 0.11 inches,0.18 pounds
100,1739,693,Blood Prism,Fantasy : Dark,E. E. King,$15.50,,410 pages,CreateSpace Independent Publishing Platform,"""December 20, 2017""",English,1981926461,978-1981926466,6 x 1 x 9 inches,1.5 pounds,Subspace Survivors,Science Fiction - Space Opera,E. E. Smith,$15.99,,60.0,Createspace Independent Publishing Platform,July 2017,,1548750220,9781548750220,9 x 6 x 0.12 inches,0.21 pounds
101,1577,4724,Lover of the Demon Born: A History of Astarte and the Demon Born,Fantasy : Dark,Jerome Brooke,$7.79,,72 pages,CreateSpace Independent Publishing Platform; 3 edition,"""January 23, 2018""",English,1984172530,978-1984172532,6 x 0.2 x 9 inches,5.6 ounces,Evil and Sinful Desire  :  The Histories of the Women of Darkness,Fantasy - Dark Fantasy,Jerome Brooke,$9.79,,96.0,Createspace Independent Publishing Platform,June 2017,,1548209139,9781548209131,9 x 6 x 0.2 inches,0.31 pounds
102,1576,4589,Morals of the Youth,Fantasy : Dark,Jerome Brooke,$7.29,,84 pages,CreateSpace Independent Publishing Platform; 3 edition,"""January 23, 2018""",English,1984172980,978-1984172983,6 x 0.2 x 9 inches,6.4 ounces,The Queen of Death Omnibus,Fantasy - Dark Fantasy,Jerome Brooke,$7.79,,64.0,Createspace Independent Publishing Platform,July 2017,,1973730820,9781973730828,9 x 6 x 0.13 inches,0.22 pounds
103,1576,4564,Morals of the Youth,Fantasy : Dark,Jerome Brooke,$7.29,,84 pages,CreateSpace Independent Publishing Platform; 3 edition,"""January 23, 2018""",English,1984172980,978-1984172983,6 x 0.2 x 9 inches,6.4 ounces,Consort of Her Majesty,Fantasy - Dark Fantasy,Jerome Brooke,$7.29,,66.0,Createspace Independent Publishing Platform,July 2017,,1973807351,9781973807353,9 x 6 x 0.14 inches,0.22 pounds
104,1546,7999,THE OASIS OF FEAR,Fantasy : Dark,MATTHEW NEWELL,$6.00,,225 pages,Independently published,"""January 29, 2018""",English,1977038727,978-1977038722,5 x 0.5 x 8 inches,11 ounces,The Art of Fear,Thrillers - Psychological,Pamela Crane,$11.99,,306.0,Tabella House,September 2017,,1940662087,9781940662084,9.02 x 5.98 x 0.69 inches,0.99 pounds
105,1575,4035,Did Feast the Pack,Fantasy : Dark,Jerome Brooke,$7.29,,50 pages,CreateSpace Independent Publishing Platform; 3 edition,"""January 23, 2018""",English,1984173383,978-1984173386,6 x 0.1 x 9 inches,4.5 ounces,Morals of the Youth,Fantasy - Dark Fantasy,Jerome Brooke,$7.29,,84.0,Createspace Independent Publishing Platform,January 2018,,1984172980,9781984172983,9 x 6 x 0.17 inches,0.27 pounds
106,1753,537,Lilith,Fantasy : Dark,George MacDonald,$12.99,,332 pages,CreateSpace Independent Publishing Platform,"""December 18, 2017""",English,1981809074,978-1981809073,6 x 0.8 x 9 inches,1.3 pounds,Static,Science Fiction - Space Opera,M. D. Thalmann,$12.99,,330.0,Createspace Independent Publishing Platform,September 2017,,1483944522,9781483944524,9 x 6 x 0.74 inches,1.07 pounds
107,1750,6573,Deep Blue,Fantasy : Dark,David Niall Wilson,$11.99,,280 pages,Macabre Ink,"""December 19, 2017""",English,1946025895,978-1946025890,6.1 x 0.6 x 9.2 inches,1.1 pounds,Ancient Eyes,Fantasy - Dark Fantasy,David Niall Wilson,$12.99,,276.0,Crossroad Press,April 2015,,1941408303,9781941408308,9.21 x 6.14 x 0.58 inches,0.86 pounds
108,1550,6734,The Nightfall Queen,Fantasy : Dark,Briar Grey,$12.93,,360 pages,CreateSpace Independent Publishing Platform,"""January 28, 2018""",English,1984254987,978-1984254986,6 x 0.8 x 9 inches,1.4 pounds,The Queen Maker,Fantasy - Dark Fantasy,Kristen Gupton,$12.99,,334.0,Createspace Independent Publishing Platform,January 2015,,1514246872,9781514246870,9.02 x 5.98 x 0.75 inches,1.08 pounds
109,1750,23,Deep Blue,Fantasy : Dark,David Niall Wilson,$11.99,,280 pages,Macabre Ink,"""December 19, 2017""",English,1946025895,978-1946025890,6.1 x 0.6 x 9.2 inches,1.1 pounds,Deep Blue,Science Fiction - Space Opera,Jane O'Reilly,$22.99,,336.0,Piatkus,September 2018,,0349416621,9780349416625,,
110,1563,6389,The Suffering,Fantasy : Dark,Robert Cano,$6.99,,109 pages,Independently published,"""January 24, 2018""",English,1549809512,978-1549809514,5 x 0.3 x 8 inches,6.2 ounces,The Lerewood,Fantasy - Dark Fantasy,Andrea Churchill,$13.00,,140.0,Createspace,July 2015,,1514645904,9781514645901,8 x 5 x 0.3 inches,0.32 pounds
111,1569,773,The Dragon's Tear,Fantasy : Dark,Chris Weston,$17.99,,192 pages,Createspace Independent Publishing Platform,"""January 24, 2018""",English,1984088068,978-1984088062,5 x 0.4 x 8 inches,7.5 ounces,Press the Line,Science Fiction - Space Opera,Chris Fox,$11.99,,304.0,Createspace Independent Publishing Platform,June 2017,,154822278X,9781548222789,8 x 5 x 0.64 inches,0.67 pounds
112,1569,854,The Dragon's Tear,Fantasy : Dark,Chris Weston,$17.99,,192 pages,Createspace Independent Publishing Platform,"""January 24, 2018""",English,1984088068,978-1984088062,5 x 0.4 x 8 inches,7.5 ounces,Behind the Lines,Science Fiction - Space Opera,Chris Fox,$10.99,,282.0,Createspace Independent Publishing Platform,May 2017,,154550279X,9781545502792,8 x 5 x 0.59 inches,0.62 pounds
113,1749,6759,The Tchaikovsky Finale (Fugue & Fable),Fantasy : Dark,Darin Kennedy,$17.99,Fugue & Fable (Book 3),306 pages,Curiosity Quills Press,"""December 19, 2017""",English,1948099454,978-1948099455,6 x 0.7 x 9 inches,15.8 ounces,The Mussorgsky Riddle,Fantasy - Dark Fantasy,Darin Kennedy,$17.99,,318.0,Curiosity Quills Press,January 2015,,1620078074,9781620078075,9 x 6 x 0.71 inches,1.03 pounds
114,1739,4225,Blood Prism,Fantasy : Dark,E. E. King,$15.50,,410 pages,CreateSpace Independent Publishing Platform,"""December 20, 2017""",English,1981926461,978-1981926466,6 x 1 x 9 inches,1.5 pounds,Pandora's Card Game,Fantasy - Dark Fantasy,E. E. King,$8.48,,180.0,Createspace Independent Publishing Platform,November 2017,,1478298642,9781478298649,9.02 x 5.98 x 0.38 inches,0.55 pounds
115,1569,857,The Dragon's Tear,Fantasy : Dark,Chris Weston,$17.99,,192 pages,Createspace Independent Publishing Platform,"""January 24, 2018""",English,1984088068,978-1984088062,5 x 0.4 x 8 inches,7.5 ounces,Hold the Line,Science Fiction - Space Opera,Chris Fox,$10.99,,282.0,Createspace Independent Publishing Platform,May 2017,,1546584196,9781546584193,8 x 5 x 0.59 inches,0.62 pounds
116,1739,746,Blood Prism,Fantasy : Dark,E. E. King,$15.50,,410 pages,CreateSpace Independent Publishing Platform,"""December 20, 2017""",English,1981926461,978-1981926466,6 x 1 x 9 inches,1.5 pounds,Subspace Survivors,Science Fiction - Space Opera,E. E. Doc Smith,$7.99,,78.0,Createspace Independent Publishing Platform,June 2017,,1548158747,9781548158743,9 x 6 x 0.16 inches,0.26 pounds
117,1575,4488,Did Feast the Pack,Fantasy : Dark,Jerome Brooke,$7.29,,50 pages,CreateSpace Independent Publishing Platform; 3 edition,"""January 23, 2018""",English,1984173383,978-1984173386,6 x 0.1 x 9 inches,4.5 ounces,The Prince Consort,Fantasy - Dark Fantasy,Jerome Brooke,$7.79,,44.0,Createspace Independent Publishing Platform,August 2017,,1974654273,9781974654277,9 x 6 x 0.09 inches,0.16 pounds
118,1575,4556,Did Feast the Pack,Fantasy : Dark,Jerome Brooke,$7.29,,50 pages,CreateSpace Independent Publishing Platform; 3 edition,"""January 23, 2018""",English,1984173383,978-1984173386,6 x 0.1 x 9 inches,4.5 ounces,Victoria the Queen Omnibus,Fantasy - Dark Fantasy,Jerome Brooke,$7.79,,50.0,Createspace Independent Publishing Platform,July 2017,,1973929287,9781973929284,9 x 6 x 0.1 inches,0.18 pounds
119,1575,4592,Did Feast the Pack,Fantasy : Dark,Jerome Brooke,$7.29,,50 pages,CreateSpace Independent Publishing Platform; 3 edition,"""January 23, 2018""",English,1984173383,978-1984173386,6 x 0.1 x 9 inches,4.5 ounces,Astarte the Queen Omnibus,Fantasy - Dark Fantasy,Jerome Brooke,$7.79,,46.0,Createspace Independent Publishing Platform,July 2017,,1973927098,9781973927099,9 x 6 x 0.1 inches,0.17 pounds
120,1575,4697,Did Feast the Pack,Fantasy : Dark,Jerome Brooke,$7.29,,50 pages,CreateSpace Independent Publishing Platform; 3 edition,"""January 23, 2018""",English,1984173383,978-1984173386,6 x 0.1 x 9 inches,4.5 ounces,The Women of the Desert Omnibus  :  A History of the Empire,Fantasy - Dark Fantasy,Jerome Brooke,$7.79,,50.0,Createspace Independent Publishing Platform,June 2017,,154831076X,9781548310769,9 x 6 x 0.1 inches,0.18 pounds
121,1576,4088,Morals of the Youth,Fantasy : Dark,Jerome Brooke,$7.29,,84 pages,CreateSpace Independent Publishing Platform; 3 edition,"""January 23, 2018""",English,1984172980,978-1984172983,6 x 0.2 x 9 inches,6.4 ounces,Did Feast the Pack,Fantasy - Dark Fantasy,Jerome Brooke,$7.29,,50.0,Createspace Independent Publishing Platform,January 2018,,1984173383,9781984173386,9 x 6 x 0.1 inches,0.18 pounds
122,1576,4477,Morals of the Youth,Fantasy : Dark,Jerome Brooke,$7.29,,84 pages,CreateSpace Independent Publishing Platform; 3 edition,"""January 23, 2018""",English,1984172980,978-1984172983,6 x 0.2 x 9 inches,6.4 ounces,The Histories of Darkness,Fantasy - Dark Fantasy,Jerome Brooke,$7.79,,40.0,Createspace Independent Publishing Platform,August 2017,,1974595994,9781974595990,9 x 6 x 0.08 inches,0.15 pounds
123,1576,4488,Morals of the Youth,Fantasy : Dark,Jerome Brooke,$7.29,,84 pages,CreateSpace Independent Publishing Platform; 3 edition,"""January 23, 2018""",English,1984172980,978-1984172983,6 x 0.2 x 9 inches,6.4 ounces,The Prince Consort,Fantasy - Dark Fantasy,Jerome Brooke,$7.79,,44.0,Createspace Independent Publishing Platform,August 2017,,1974654273,9781974654277,9 x 6 x 0.09 inches,0.16 pounds
124,1739,1788,Blood Prism,Fantasy : Dark,E. E. King,$15.50,,410 pages,CreateSpace Independent Publishing Platform,"""December 20, 2017""",English,1981926461,978-1981926466,6 x 1 x 9 inches,1.5 pounds,First Lensman,Science Fiction - Space Opera,E. E. Doc Smith,$13.99,,336.0,Createspace Independent Publishing Platform,February 2016,,1530206529,9781530206520,9 x 6 x 0.7 inches,0.99 pounds
125,1739,767,Blood Prism,Fantasy : Dark,E. E. King,$15.50,,410 pages,CreateSpace Independent Publishing Platform,"""December 20, 2017""",English,1981926461,978-1981926466,6 x 1 x 9 inches,1.5 pounds,First Lensman,Science Fiction - Space Opera,E. E. Doc Smith,$26.99,,500.0,Createspace Independent Publishing Platform,June 2017,,1548158674,9781548158675,9 x 6 x 1.01 inches,1.46 pounds
126,1666,4076,Gallant Knights: The Dynasty Realms III: Gallant Knights (THE TWILIGHT ROSE OF INFINITE WORLDS SERIES) (Volume 3),Fantasy : Dark,Adrian Jevon Murphy,$18.21,THE TWILIGHT ROSE OF INFINITE WORLDS SERIES (Book 3),362 pages,CreateSpace Independent Publishing Platform,"""January 4, 2018""",English,1545522928,978-1545522929,6 x 0.9 x 9 inches,1.4 pounds,Tangled Quests  :  The Dynasty Realms I: Tangled Quests,Fantasy - Dark Fantasy,Adrian Jevon Murphy,$20.18,,360.0,Createspace Independent Publishing Platform,January 2018,,1544978715,9781544978710,9.02 x 5.98 x 0.8 inches,1.16 pounds
127,1628,4449,Skyla of the Shield Maidens,Fantasy : Dark,Juliet Baranne,$7.29,,28 pages,CreateSpace Independent Publishing Platform; 1 edition,"""January 14, 2018""",English,1983885207,978-1983885204,6 x 0.1 x 9 inches,3.2 ounces,Galbu  :  Histories of the Shield Maidens,Fantasy - Dark Fantasy,Jerome Brooke,$7.79,,36.0,Createspace Independent Publishing Platform,September 2017,,1976281938,9781976281938,9.02 x 5.98 x 0.07 inches,0.14 pounds
128,1628,4491,Skyla of the Shield Maidens,Fantasy : Dark,Juliet Baranne,$7.29,,28 pages,CreateSpace Independent Publishing Platform; 1 edition,"""January 14, 2018""",English,1983885207,978-1983885204,6 x 0.1 x 9 inches,3.2 ounces,The Vale of Desire,Fantasy - Dark Fantasy,Juliet Baranne,$7.79,,74.0,Createspace Independent Publishing Platform,August 2017,,1975814916,9781975814915,9.02 x 5.98 x 0.15 inches,0.24 pounds
129,1628,4602,Skyla of the Shield Maidens,Fantasy : Dark,Juliet Baranne,$7.29,,28 pages,CreateSpace Independent Publishing Platform; 1 edition,"""January 14, 2018""",English,1983885207,978-1983885204,6 x 0.1 x 9 inches,3.2 ounces,Raven of the Shield Maidens,Fantasy - Dark Fantasy,J. Rogers Barrow,$7.79,,58.0,Createspace Independent Publishing Platform,July 2017,,1973986337,9781973986331,9 x 6 x 0.12 inches,0.2 pounds
130,1628,4698,Skyla of the Shield Maidens,Fantasy : Dark,Juliet Baranne,$7.29,,28 pages,CreateSpace Independent Publishing Platform; 1 edition,"""January 14, 2018""",English,1983885207,978-1983885204,6 x 0.1 x 9 inches,3.2 ounces,The Sins of Sister Severa,Fantasy - Dark Fantasy,Juliet Baranne,$9.79,,88.0,Createspace Independent Publishing Platform,June 2017,,1548408956,9781548408954,9 x 6 x 0.18 inches,0.28 pounds
131,1677,643,Shadowfest,Fantasy : Dark,D. J. Reid,$12.99,,348 pages,CreateSpace Independent Publishing Platform,"""January 2, 2018""",English,1979877890,978-1979877893,5 x 0.9 x 8 inches,1 pounds,Traitor,Science Fiction - Space Opera,Krista Ball,$12.99,,200.0,Createspace Independent Publishing Platform,July 2017,,1974123227,9781974123223,8 x 5 x 0.46 inches,0.49 pounds
132,1636,2582,The Blood of Altlock: Book 1 of the Altlock Saga (Volume 1),Fantasy : Dark,R. A. Miller,$9.99,The Altlock Saga,124 pages,CreateSpace Independent Publishing Platform; 2 edition,"""January 12, 2018""",English,198382383X,978-1983823831,6 x 0.3 x 9 inches,8.5 ounces,Breakers of the Dawn  :  Book 1 of the Dawn Saga,Science Fiction - Space Opera,Zachariah Wahrer,$9.99,,238.0,Wahrer of the Worlds Publishing,December 2014,,0692616586,9780692616581,9 x 6 x 0.54 inches,0.78 pounds
133,1638,690,When the World Shook,Fantasy : Dark,H. Rider Haggard,$12.12,,306 pages,CreateSpace Independent Publishing Platform,"""January 11, 2018""",English,1983526487,978-1983526480,6 x 0.7 x 9 inches,1.2 pounds,The Relic,Science Fiction - Space Opera,Steven Macon,$15.95,,314.0,Createspace Independent Publishing Platform,July 2017,,1548125202,9781548125202,9 x 6 x 0.7 inches,1.02 pounds
134,1666,4097,Gallant Knights: The Dynasty Realms III: Gallant Knights (THE TWILIGHT ROSE OF INFINITE WORLDS SERIES) (Volume 3),Fantasy : Dark,Adrian Jevon Murphy,$18.21,THE TWILIGHT ROSE OF INFINITE WORLDS SERIES (Book 3),362 pages,CreateSpace Independent Publishing Platform,"""January 4, 2018""",English,1545522928,978-1545522929,6 x 0.9 x 9 inches,1.4 pounds,Tangled Quests 2  :  The Dynasty Realms II: Tangled Quests 2,Fantasy - Dark Fantasy,Adrian Jevon Murphy,$20.08,,330.0,Createspace Independent Publishing Platform,January 2018,,1546640134,9781546640134,9.02 x 5.98 x 0.74 inches,1.07 pounds
135,1638,2995,When the World Shook,Fantasy : Dark,H. Rider Haggard,$12.12,,306 pages,CreateSpace Independent Publishing Platform,"""January 11, 2018""",English,1983526487,978-1983526480,6 x 0.7 x 9 inches,1.2 pounds,The Quiet World,Science Fiction - Space Opera,William Dusty,$6.95,,54.0,Createspace Independent Publishing Platform,April 2014,,149916534X,9781499165340,9.02 x 5.98 x 0.11 inches,0.19 pounds
136,1677,822,Shadowfest,Fantasy : Dark,D. J. Reid,$12.99,,348 pages,CreateSpace Independent Publishing Platform,"""January 2, 2018""",English,1979877890,978-1979877893,5 x 0.9 x 8 inches,1 pounds,Ore Pirates,Science Fiction - Space Opera,E. J. Randolph,$12.99,,282.0,Createspace Independent Publishing Platform,May 2017,,1546521313,9781546521310,8 x 5 x 0.59 inches,0.62 pounds
137,1550,6226,The Nightfall Queen,Fantasy : Dark,Briar Grey,$12.93,,360 pages,CreateSpace Independent Publishing Platform,"""January 28, 2018""",English,1984254987,978-1984254986,6 x 0.8 x 9 inches,1.4 pounds,The Queen Has Spoken,Fantasy - Dark Fantasy,Jennifer Kendis Anderson,$8.99,,24.0,Createspace Independent Publishing Platform,October 2015,,1517705258,9781517705251,9 x 6 x 0.05 inches,0.1 pounds
138,1638,5558,When the World Shook,Fantasy : Dark,H. Rider Haggard,$12.12,,306 pages,CreateSpace Independent Publishing Platform,"""January 11, 2018""",English,1983526487,978-1983526480,6 x 0.7 x 9 inches,1.2 pounds,The Dead Bones,Fantasy - Dark Fantasy,Ian Adema,$15.00,,306.0,Createspace Independent Publishing Platform,July 2016,,1535059443,9781535059442,9 x 6 x 0.69 inches,0.99 pounds
139,1638,6176,When the World Shook,Fantasy : Dark,H. Rider Haggard,$12.12,,306 pages,CreateSpace Independent Publishing Platform,"""January 11, 2018""",English,1983526487,978-1983526480,6 x 0.7 x 9 inches,1.2 pounds,The World Unseeing,Fantasy - Dark Fantasy,Tamara Wilding,$9.00,,196.0,Createspace Independent Publishing Platform,October 2015,,1518701396,9781518701399,9 x 6 x 0.42 inches,0.59 pounds
140,1645,606,Life Under the Noose,Fantasy : Dark,James Bee,$9.99,,248 pages,CreateSpace Independent Publishing Platform,"""January 9, 2018""",English,198209737X,978-1982097370,6 x 0.6 x 9 inches,15.4 ounces,In the Beginning,Science Fiction - Space Opera,B. C. E and Ashton Lanae Cash and Dr Leviticus Wayne,$9.99,,264.0,Createspace Independent Publishing Platform,August 2017,,1535469528,9781535469524,9 x 6 x 0.6 inches,0.86 pounds
141,1660,5943,There's No Place Collection: Books 1-4 (Volume 5),Fantasy : Dark,Tracey H. Kitts,$14.99,There's No Place,562 pages,CreateSpace Independent Publishing Platform,"""January 6, 2018""",English,1546543546,978-1546543541,5.1 x 1.3 x 7.8 inches,1.5 pounds,Bound by Blood  :  The Complete Series (Books 1-4),Fantasy - Dark Fantasy,Tracey H. Kitts,$17.35,,508.0,Createspace Independent Publishing Platform,February 2016,,1523826533,9781523826537,7.81 x 5.06 x 1.02 inches,1.08 pounds
142,1660,970,There's No Place Collection: Books 1-4 (Volume 5),Fantasy : Dark,Tracey H. Kitts,$14.99,There's No Place,562 pages,CreateSpace Independent Publishing Platform,"""January 6, 2018""",English,1546543546,978-1546543541,5.1 x 1.3 x 7.8 inches,1.5 pounds,Three Days of Night,Science Fiction - Space Opera,Tracey H. Kitts,$9.38,,244.0,Createspace Independent Publishing Platform,March 2017,,152397818X,9781523978182,7.81 x 5.06 x 0.51 inches,0.53 pounds
143,1645,2809,Life Under the Noose,Fantasy : Dark,James Bee,$9.99,,248 pages,CreateSpace Independent Publishing Platform,"""January 9, 2018""",English,198209737X,978-1982097370,6 x 0.6 x 9 inches,15.4 ounces,Nation of the Third Eye,Science Fiction - Space Opera,K. K. Savage,$9.99,,248.0,Createspace Independent Publishing Platform,August 2014,,1500848956,9781500848958,9 x 6 x 0.52 inches,0.74 pounds
144,1645,996,Life Under the Noose,Fantasy : Dark,James Bee,$9.99,,248 pages,CreateSpace Independent Publishing Platform,"""January 9, 2018""",English,198209737X,978-1982097370,6 x 0.6 x 9 inches,15.4 ounces,Battlecry,Science Fiction - Space Opera,T. Jackson King,$9.99,,248.0,Createspace Independent Publishing Platform,March 2017,,1544071787,9781544071787,9 x 6 x 0.56 inches,0.81 pounds
145,1700,4105,Sorcerers' Isle (The Shadow Cycle) (Volume 1),Fantasy : Dark,D P Prior and Valmore Daniels,$14.99,The Shadow Cycle (Book 1),352 pages,CreateSpace Independent Publishing Platform; 1 edition,"""December 28, 2017""",English,1981948856,978-1981948857,6 x 0.9 x 9 inches,1.3 pounds,Sorcerers' Isle,Fantasy - Dark Fantasy,D. P. Prior and Betsy Mitchell and Damonza,$14.99,,354.0,Createspace Independent Publishing Platform,December 2017,,1981948856,9781981948857,9.02 x 5.98 x 0.79 inches,1.14 pounds
146,1600,7518,Tales of Space and Time,Fantasy : Dark,H. G. Wells,$11.99,,248 pages,CreateSpace Independent Publishing Platform; Revised edition,"""January 19, 2018""",English,1984027999,978-1984027993,6 x 0.6 x 9 inches,15.4 ounces,The Wonderful Visit,Fantasy - Dark Fantasy,H. G. Wells,$13.99,,134.0,Bottom of the Hill Publishing,August 2013,,1483703029,9781483703022,9 x 6 x 0.29 inches,0.42 pounds
147,1616,606,The Cryptic Mansion,Fantasy : Dark,S.J. Moyer,$7.00,,238 pages,CreateSpace Independent Publishing Platform,"""January 16, 2018""",English,1983950963,978-1983950964,6 x 0.6 x 9 inches,14.9 ounces,In the Beginning,Science Fiction - Space Opera,B. C. E and Ashton Lanae Cash and Dr Leviticus Wayne,$9.99,,264.0,Createspace Independent Publishing Platform,August 2017,,1535469528,9781535469524,9 x 6 x 0.6 inches,0.86 pounds
148,1616,1892,The Cryptic Mansion,Fantasy : Dark,S.J. Moyer,$7.00,,238 pages,CreateSpace Independent Publishing Platform,"""January 16, 2018""",English,1983950963,978-1983950964,6 x 0.6 x 9 inches,14.9 ounces,Mind,Science Fiction - Space Opera,Jenn Nixon,$11.99,,288.0,Createspace Independent Publishing Platform,December 2015,,1519655460,9781519655462,9 x 6 x 0.6 inches,0.85 pounds
149,1714,4127,Truth (The Insomnis Cycle) (Volume 1),Fantasy : Dark,"""Case, E""",$16.99,The Insomnis Cycle,464 pages,CreateSpace Independent Publishing Platform; 2 edition,"""December 25, 2017""",English,1984304410,978-1984304414,6 x 1.2 x 9 inches,1.7 pounds,Truth,Fantasy - Dark Fantasy,E. Case,$16.99,,466.0,Createspace Independent Publishing Platform,December 2017,,1984304410,9781984304414,9 x 6 x 1.04 inches,1.49 pounds
150,1616,1921,The Cryptic Mansion,Fantasy : Dark,S.J. Moyer,$7.00,,238 pages,CreateSpace Independent Publishing Platform,"""January 16, 2018""",English,1983950963,978-1983950964,6 x 0.6 x 9 inches,14.9 ounces,The Pirates of Mizar,Science Fiction - Space Opera,M. H. Wilson,$9.99,,238.0,Createspace Independent Publishing Platform,December 2015,,1523720948,9781523720941,9 x 6 x 0.5 inches,0.71 pounds
151,1616,7073,The Cryptic Mansion,Fantasy : Dark,S.J. Moyer,$7.00,,238 pages,CreateSpace Independent Publishing Platform,"""January 16, 2018""",English,1983950963,978-1983950964,6 x 0.6 x 9 inches,14.9 ounces,The Dark Wells,Fantasy - Dark Fantasy,H. A. Halfred,$7.00,,124.0,Createspace Independent Publishing Platform,August 2014,,1499652313,9781499652314,9 x 6 x 0.29 inches,0.42 pounds
152,1625,5240,Time Candle,Fantasy : Dark,Veronica Dale,$14.99,,348 pages,Nika Press,"""January 15, 2018""",English,0996952144,978-0996952149,5.5 x 0.8 x 8.5 inches,1.2 pounds,Dark Twin,Fantasy - Dark Fantasy,Veronica Dale,$14.99,,368.0,Nika Press,November 2016,,0996952128,9780996952125,8.5 x 5.5 x 0.76 inches,0.94 pounds
153,1712,690,Raven's Spear: The Trickster's War (Volume 2),Fantasy : Dark,Daniel Hansen,$14.99,The Trickster's War,314 pages,CreateSpace Independent Publishing Platform,"""December 26, 2017""",English,198206028X,978-1982060282,6 x 0.7 x 9 inches,1.2 pounds,The Relic,Science Fiction - Space Opera,Steven Macon,$15.95,,314.0,Createspace Independent Publishing Platform,July 2017,,1548125202,9781548125202,9 x 6 x 0.7 inches,1.02 pounds
154,1598,8770,Era of Undying,Fantasy : Dark,Emilie Knight,$12.00,,200 pages,CreateSpace Independent Publishing Platform,"""January 19, 2018""",English,1979094322,978-1979094320,5 x 0.5 x 8 inches,9.9 ounces,The Breaking Game,Thrillers - Psychological,Kalynn Michelle Cotten,$12.00,,236.0,Createspace Independent Publishing Platform,May 2016,,151950022X,9781519500229,8 x 5 x 0.5 inches,0.52 pounds
155,1698,5308,The Bruja,Fantasy : Dark,Michael Molisani,$20.99,,268 pages,AuthorHouse,"""December 29, 2017""",English,1546222537,978-1546222538,6 x 0.6 x 9 inches,1 pounds,Lily,Fantasy - Dark Fantasy,Michael Thomas Ford,$15.00,,266.0,Lethe Press,October 2016,,1590212681,9781590212684,9 x 6 x 0.6 inches,0.87 pounds
156,1683,3850,The Summoner: The Temple Of Empia Saga,Fantasy : Dark,M. C. Glan,$14.99,,384 pages,CreateSpace Independent Publishing Platform,"""January 2, 2018""",English,1979909032,978-1979909037,6 x 1 x 9 inches,1.4 pounds,The Machine  :  Temple of the Exploding Head Saga,Science Fiction - Space Opera,Ren Garcia and Carol Phillips and Fantasio,$14.95,,322.0,"""Loconeal Publishing, LLC""",July 2011,,0982565356,9780982565353,8.5 x 5.51 x 0.67 inches,0.82 pounds
157,1677,5964,Shadowfest,Fantasy : Dark,D. J. Reid,$12.99,,348 pages,CreateSpace Independent Publishing Platform,"""January 2, 2018""",English,1979877890,978-1979877893,5 x 0.9 x 8 inches,1 pounds,Chimeran,Fantasy - Dark Fantasy,Robert E. Brown,$12.99,,220.0,Createspace Independent Publishing Platform,January 2016,,1523261447,9781523261444,8 x 5 x 0.46 inches,0.49 pounds
158,1625,5971,Time Candle,Fantasy : Dark,Veronica Dale,$14.99,,348 pages,Nika Press,"""January 15, 2018""",English,0996952144,978-0996952149,5.5 x 0.8 x 8.5 inches,1.2 pounds,Blood Seed,Fantasy - Dark Fantasy,Veronica Dale,$14.99,,352.0,Nika Press,January 2016,,0996952101,9780996952101,8.5 x 5.5 x 0.73 inches,0.9 pounds
159,1677,3014,Shadowfest,Fantasy : Dark,D. J. Reid,$12.99,,348 pages,CreateSpace Independent Publishing Platform,"""January 2, 2018""",English,1979877890,978-1979877893,5 x 0.9 x 8 inches,1 pounds,Crucible,Science Fiction - Space Opera,Moira Katson,$12.99,,348.0,Createspace Independent Publishing Platform,April 2014,,149920406X,9781499204063,8 x 5.25 x 0.78 inches,0.87 pounds
160,1677,1914,Shadowfest,Fantasy : Dark,D. J. Reid,$12.99,,348 pages,CreateSpace Independent Publishing Platform,"""January 2, 2018""",English,1979877890,978-1979877893,5 x 0.9 x 8 inches,1 pounds,Invasion,Science Fiction - Space Opera,J. D. Brink,$7.99,,160.0,Fugitive Fiction,December 2015,,0988180995,9780988180994,8 x 5 x 0.34 inches,0.36 pounds
161,1628,4011,Skyla of the Shield Maidens,Fantasy : Dark,Juliet Baranne,$7.29,,28 pages,CreateSpace Independent Publishing Platform; 1 edition,"""January 14, 2018""",English,1983885207,978-1983885204,6 x 0.1 x 9 inches,3.2 ounces,The Sins of Sister Severa,Fantasy - Dark Fantasy,Juliet Baranne,$7.29,,86.0,Createspace Independent Publishing Platform,February 2018,,1985148080,9781985148086,9 x 6 x 0.18 inches,0.28 pounds
162,1677,1648,Shadowfest,Fantasy : Dark,D. J. Reid,$12.99,,348 pages,CreateSpace Independent Publishing Platform,"""January 2, 2018""",English,1979877890,978-1979877893,5 x 0.9 x 8 inches,1 pounds,Ronin,Science Fiction - Space Opera,Edward W. Robertson,$12.99,,282.0,Createspace Independent Publishing Platform,May 2016,,1533274517,9781533274519,8 x 5 x 0.64 inches,0.68 pounds
163,1927,4585,Braving the Storm (Gods of War),Fantasy : Dark,Xenia Melzer,$17.99,Gods of War (Book 4),,DSP Publications,"""November 21, 2017""",English,1635336759,978-1635336757,6 x 0.6 x 9 inches,14.2 ounces,Ummana,Fantasy - Dark Fantasy,Xenia Melzer,$16.99,,294.0,DSP Publications,July 2017,,163533361X,9781635333619,9 x 6 x 0.62 inches,0.87 pounds
164,1961,6531,The Throne of Amenkor,Fantasy : Dark,Joshua Palmatier,$13.20,Throne of Amenkor,848 pages,DAW,"""November 14, 2017""",English,0756413354,978-0756413354,6 x 0.2 x 9 inches,1.7 pounds,The Throne of Darkness,Fantasy - Dark Fantasy,Lisa Bell,$20.99,,277.0,Tate Pub & Enterprises Llc,May 2015,,1631859463,9781631859465,0.5 x 6 x 8.75 inches,0.8 pounds
165,1961,4517,The Throne of Amenkor,Fantasy : Dark,Joshua Palmatier,$13.20,Throne of Amenkor,848 pages,DAW,"""November 14, 2017""",English,0756413354,978-0756413354,6 x 0.2 x 9 inches,1.7 pounds,Throne of the Bastards,Fantasy - Dark Fantasy,Brian Keene and Steven L. Shrewbury,$14.95,,194.0,Apex Book Company,August 2017,,1937009602,9781937009601,8.5 x 5.5 x 0.45 inches,0.56 pounds
166,1951,1921,THE RINGMAKER,Fantasy : Dark,H. M. Sanders,$15.95,,202 pages,"""Booklocker.com, Inc.""","""November 15, 2017""",English,163492598X,978-1634925983,6 x 0.5 x 9 inches,10.7 ounces,The Pirates of Mizar,Science Fiction - Space Opera,M. H. Wilson,$9.99,,238.0,Createspace Independent Publishing Platform,December 2015,,1523720948,9781523720941,9 x 6 x 0.5 inches,0.71 pounds
167,1942,1892,Savage Redemption: A Dark Urban Guardians Fantasy,Fantasy : Dark,Anni Antoni,$11.99,,288 pages,CreateSpace Independent Publishing Platform,"""November 17, 2017""",English,1979802793,978-1979802796,6 x 0.6 x 9 inches,1.1 pounds,Mind,Science Fiction - Space Opera,Jenn Nixon,$11.99,,288.0,Createspace Independent Publishing Platform,December 2015,,1519655460,9781519655462,9 x 6 x 0.6 inches,0.85 pounds
168,1941,4718,The Obsidian Gates (Heart of the Warrior),Fantasy : Dark,Cynthia Rae Richards,$21.99,Heart of the Warrior (Book 2),,Cynthia Rae Richards,"""November 17, 2017""",English,0990669459,978-0990669456,5 x 1.3 x 8 inches,1.4 pounds,Pariah,Fantasy - Dark Fantasy,Cynthia Rae Richards,$14.95,,414.0,Cynthia Rae Richards,June 2017,,0990669408,9780990669401,8 x 5 x 0.92 inches,0.99 pounds
169,1938,4602,His Price: Histories of the Shield Maidens,Fantasy : Dark,Juliet Baranne,$7.29,,28 pages,CreateSpace Independent Publishing Platform; 1 edition,"""November 19, 2017""",English,1979910669,978-1979910668,6 x 0.1 x 9 inches,3.2 ounces,Raven of the Shield Maidens,Fantasy - Dark Fantasy,J. Rogers Barrow,$7.79,,58.0,Createspace Independent Publishing Platform,July 2017,,1973986337,9781973986331,9 x 6 x 0.12 inches,0.2 pounds
170,1938,4449,His Price: Histories of the Shield Maidens,Fantasy : Dark,Juliet Baranne,$7.29,,28 pages,CreateSpace Independent Publishing Platform; 1 edition,"""November 19, 2017""",English,1979910669,978-1979910668,6 x 0.1 x 9 inches,3.2 ounces,Galbu  :  Histories of the Shield Maidens,Fantasy - Dark Fantasy,Jerome Brooke,$7.79,,36.0,Createspace Independent Publishing Platform,September 2017,,1976281938,9781976281938,9.02 x 5.98 x 0.07 inches,0.14 pounds
171,1938,4419,His Price: Histories of the Shield Maidens,Fantasy : Dark,Juliet Baranne,$7.29,,28 pages,CreateSpace Independent Publishing Platform; 1 edition,"""November 19, 2017""",English,1979910669,978-1979910668,6 x 0.1 x 9 inches,3.2 ounces,The Legion  :  Histories of the Shield Maidens,Fantasy - Dark Fantasy,Jerome Brooke,$7.29,,70.0,Createspace Independent Publishing Platform,September 2017,,1976280214,9781976280214,9.02 x 5.98 x 0.14 inches,0.23 pounds
172,1938,4011,His Price: Histories of the Shield Maidens,Fantasy : Dark,Juliet Baranne,$7.29,,28 pages,CreateSpace Independent Publishing Platform; 1 edition,"""November 19, 2017""",English,1979910669,978-1979910668,6 x 0.1 x 9 inches,3.2 ounces,The Sins of Sister Severa,Fantasy - Dark Fantasy,Juliet Baranne,$7.29,,86.0,Createspace Independent Publishing Platform,February 2018,,1985148080,9781985148086,9 x 6 x 0.18 inches,0.28 pounds
173,1927,5643,Braving the Storm (Gods of War),Fantasy : Dark,Xenia Melzer,$17.99,Gods of War (Book 4),,DSP Publications,"""November 21, 2017""",English,1635336759,978-1635336757,6 x 0.6 x 9 inches,14.2 ounces,Casto,Fantasy - Dark Fantasy,Xenia Melzer,$16.99,,294.0,DSP Publications,June 2016,,163476837X,9781634768375,9 x 6 x 0.62 inches,0.87 pounds
174,1970,5487,Animus,Fantasy : Dark,Alex Owens,$12.99,,174 pages,CreateSpace Independent Publishing Platform,"""November 13, 2017""",English,1979740747,978-1979740746,5.2 x 0.4 x 8 inches,9.1 ounces,Witches' Bane,Fantasy - Dark Fantasy,Pippa Dacosta,$7.99,,174.0,Createspace Independent Publishing Platform,August 2016,,1537160419,9781537160412,8 x 5 x 0.4 inches,0.43 pounds
175,1920,6446,Starling (Southern Watch) (Volume 6),Fantasy : Dark,Robert J. Crane,$18.99,Southern Watch (Book 6),494 pages,CreateSpace Independent Publishing Platform,"""November 21, 2017""",English,1979928142,978-1979928144,5.5 x 1.2 x 8.5 inches,1.6 pounds,Unearthed,Fantasy - Dark Fantasy,Robert J. Crane,$17.99,,412.0,Createspace Independent Publishing Platform,June 2015,,151427082X,9781514270820,8.5 x 5.51 x 0.92 inches,1.15 pounds
176,1920,5703,Starling (Southern Watch) (Volume 6),Fantasy : Dark,Robert J. Crane,$18.99,Southern Watch (Book 6),494 pages,CreateSpace Independent Publishing Platform,"""November 21, 2017""",English,1979928142,978-1979928144,5.5 x 1.2 x 8.5 inches,1.6 pounds,Legion,Fantasy - Dark Fantasy,Robert J. Crane,$16.99,,430.0,Createspace Independent Publishing Platform,May 2016,,1532929250,9781532929250,8.5 x 5.51 x 0.96 inches,1.2 pounds
177,1916,2059,The Voyage of Odysseus,Fantasy : Dark,Jacob Moore,$13.89,,142 pages,Mirador Publishing,"""November 22, 2017""",English,1912192853,978-1912192854,6 x 0.3 x 9 inches,7.7 ounces,The Relative Eternity,Science Fiction - Space Opera,Tetiana Bila-Vakhromeieva,$6.38,,142.0,Createspace,October 2015,,1518686885,9781518686887,9 x 6 x 0.3 inches,0.44 pounds
178,1908,6965,The Slithering Spark: A Gods Above and Below Fantasy Short Story (Volume 20),Fantasy : Dark,Meyari McFarland,$5.99,Gods Above and Below,46 pages,Mary M Raichle,"""November 24, 2017""",English,1944269819,978-1944269814,5 x 0.1 x 8 inches,3.5 ounces,Boiling the Ocean Away  :  A Mages of Tindiere Short Story,Fantasy - Dark Fantasy,Meyari McFarland,$5.99,,64.0,Mary M Raichle,October 2014,,1939906598,9781939906595,8 x 5 x 0.13 inches,0.16 pounds
179,1908,4268,The Slithering Spark: A Gods Above and Below Fantasy Short Story (Volume 20),Fantasy : Dark,Meyari McFarland,$5.99,Gods Above and Below,46 pages,Mary M Raichle,"""November 24, 2017""",English,1944269819,978-1944269814,5 x 0.1 x 8 inches,3.5 ounces,Dark Butterfly,Fantasy - Dark Fantasy,Meyari McFarland,$5.99,,50.0,Mary M Raichle,October 2017,,1944269762,9781944269760,7.99 x 5 x 0.1 inches,0.13 pounds
180,1883,4982,Brebaje (Spanish Edition),Fantasy : Dark,Tamara Romero,$8.95,,100 pages,CreateSpace Independent Publishing Platform,"""November 29, 2017""",Spanish,1979893667,978-1979893664,5.5 x 0.2 x 8.5 inches,6.4 ounces,Brujula y Murcielago,Fantasy - Dark Fantasy,Tamara Romero,$10.95,,166.0,Createspace Independent Publishing Platform,March 2017,,1544163762,9781544163765,8.5 x 5.5 x 0.38 inches,0.48 pounds
181,1857,6755,A Witch Shall be born,Fantasy : Dark,Robert E. Howard,$5.99,,50 pages,CreateSpace Independent Publishing Platform,"""December 3, 2017""",English,1981160892,978-1981160891,6 x 0.1 x 9 inches,4.5 ounces,Red Nails,Fantasy - Dark Fantasy,Robert E. Howard,$12.95,,144.0,Createspace Independent Publishing Platform,January 2015,,1507698585,9781507698587,9 x 6 x 0.31 inches,0.44 pounds
182,1857,6699,A Witch Shall be born,Fantasy : Dark,Robert E. Howard,$5.99,,50 pages,CreateSpace Independent Publishing Platform,"""December 3, 2017""",English,1981160892,978-1981160891,6 x 0.1 x 9 inches,4.5 ounces,Queen of the Black Coast,Fantasy - Dark Fantasy,Robert E. Howard,$12.95,,190.0,Createspace Independent Publishing Platform,February 2015,,1508499632,9781508499633,9 x 6 x 0.4 inches,0.58 pounds
183,1857,6697,A Witch Shall be born,Fantasy : Dark,Robert E. Howard,$5.99,,50 pages,CreateSpace Independent Publishing Platform,"""December 3, 2017""",English,1981160892,978-1981160891,6 x 0.1 x 9 inches,4.5 ounces,The Devil in Iron,Fantasy - Dark Fantasy,Robert E. Howard,$12.95,,206.0,Createspace Independent Publishing Platform,February 2015,,1507788576,9781507788578,9 x 6 x 0.44 inches,0.62 pounds
184,1980,1788,Succumb,Fantasy : Dark,Ebony Olson,$9.99,,290 pages,CreateSpace Independent Publishing Platform,"""November 10, 2017""",English,1979589542,978-1979589543,6 x 0.7 x 9 inches,1.1 pounds,First Lensman,Science Fiction - Space Opera,E. E. Doc Smith,$13.99,,336.0,Createspace Independent Publishing Platform,February 2016,,1530206529,9781530206520,9 x 6 x 0.7 inches,0.99 pounds
185,1985,2490,First Of The Fallen,Fantasy : Dark,Philip Mann,$16.99,,242 pages,CreateSpace Independent Publishing Platform,"""November 9, 2017""",English,1979618526,978-1979618526,6 x 0.6 x 9 inches,15 ounces,The Void,Science Fiction - Space Opera,William F. F. Wood,$9.99,,242.0,Createspace Independent Publishing Platform,February 2015,,1507756038,9781507756034,9 x 6 x 0.51 inches,0.72 pounds
186,1985,853,First Of The Fallen,Fantasy : Dark,Philip Mann,$16.99,,242 pages,CreateSpace Independent Publishing Platform,"""November 9, 2017""",English,1979618526,978-1979618526,6 x 0.6 x 9 inches,15 ounces,Treasure of the Rogue Moon,Science Fiction - Space Opera,S. Evan Townsend and Michael Baker,$11.99,,242.0,Createspace Independent Publishing Platform,May 2017,,1547030739,9781547030736,9 x 6 x 0.55 inches,0.79 pounds
187,1985,731,First Of The Fallen,Fantasy : Dark,Philip Mann,$16.99,,242 pages,CreateSpace Independent Publishing Platform,"""November 9, 2017""",English,1979618526,978-1979618526,6 x 0.6 x 9 inches,15 ounces,Masters of Space,Science Fiction - Space Opera,E. E. Doc Smith,$15.99,,288.0,Createspace Independent Publishing Platform,June 2017,,1548158704,9781548158705,9 x 6 x 0.6 inches,0.85 pounds
188,1982,4268,Emperor of Shards: A Gods Above and Below Fantasy Short Story (Volume 19),Fantasy : Dark,Meyari McFarland,$5.99,Gods Above and Below,42 pages,Mary M Raichle,"""November 10, 2017""",English,1944269797,978-1944269791,5 x 0.1 x 8 inches,3.4 ounces,Dark Butterfly,Fantasy - Dark Fantasy,Meyari McFarland,$5.99,,50.0,Mary M Raichle,October 2017,,1944269762,9781944269760,7.99 x 5 x 0.1 inches,0.13 pounds
189,1980,8657,Succumb,Fantasy : Dark,Ebony Olson,$9.99,,290 pages,CreateSpace Independent Publishing Platform,"""November 10, 2017""",English,1979589542,978-1979589543,6 x 0.7 x 9 inches,1.1 pounds,Atonement,Thrillers - Psychological,Yolanda Olson,$9.99,,168.0,Createspace Independent Publishing Platform,July 2016,,1535219238,9781535219235,7.8 x 5.08 x 0.36 inches,0.37 pounds
190,1980,8190,Succumb,Fantasy : Dark,Ebony Olson,$9.99,,290 pages,CreateSpace Independent Publishing Platform,"""November 10, 2017""",English,1979589542,978-1979589543,6 x 0.7 x 9 inches,1.1 pounds,Revelaciones,Thrillers - Psychological,Roberto Kruger Gonzalez,$10.97,,290.0,Createspace Independent Publishing Platform,May 2017,,1546779957,9781546779957,9 x 6 x 0.65 inches,0.94 pounds
191,1980,7399,Succumb,Fantasy : Dark,Ebony Olson,$9.99,,290 pages,CreateSpace Independent Publishing Platform,"""November 10, 2017""",English,1979589542,978-1979589543,6 x 0.7 x 9 inches,1.1 pounds,Ghosts of Earth,Fantasy - Dark Fantasy,Kevin Kauffmann,$14.99,,338.0,Createspace Independent Publishing Platform,February 2014,,1500104175,9781500104177,9 x 6 x 0.7 inches,1 pounds
192,1980,6236,Succumb,Fantasy : Dark,Ebony Olson,$9.99,,290 pages,CreateSpace Independent Publishing Platform,"""November 10, 2017""",English,1979589542,978-1979589543,6 x 0.7 x 9 inches,1.1 pounds,Genesi,Fantasy - Dark Fantasy,Hayley J. Hedlund,$9.99,,262.0,Createspace Independent Publishing Platform,September 2015,,1517157951,9781517157951,9 x 6 x 0.55 inches,0.78 pounds
193,1980,5993,Succumb,Fantasy : Dark,Ebony Olson,$9.99,,290 pages,CreateSpace Independent Publishing Platform,"""November 10, 2017""",English,1979589542,978-1979589543,6 x 0.7 x 9 inches,1.1 pounds,True Death,Fantasy - Dark Fantasy,Zackary J. Soof IV,$11.00,,290.0,Createspace Independent Publishing Platform,January 2016,,1519780532,9781519780539,9 x 6 x 0.65 inches,0.94 pounds
194,1980,5057,Succumb,Fantasy : Dark,Ebony Olson,$9.99,,290 pages,CreateSpace Independent Publishing Platform,"""November 10, 2017""",English,1979589542,978-1979589543,6 x 0.7 x 9 inches,1.1 pounds,Castle of Blood,Fantasy - Dark Fantasy,Sandra Kopp,$11.50,,312.0,Createspace Independent Publishing Platform,January 2017,,1542681707,9781542681704,9 x 6 x 0.7 inches,1.01 pounds
195,1857,6211,A Witch Shall be born,Fantasy : Dark,Robert E. Howard,$5.99,,50 pages,CreateSpace Independent Publishing Platform,"""December 3, 2017""",English,1981160892,978-1981160891,6 x 0.1 x 9 inches,4.5 ounces,The Hour of the Dragon,Fantasy - Dark Fantasy,Robert E. Howard,$10.63,,200.0,Createspace Independent Publishing Platform,October 2015,,151876813X,9781518768132,9 x 6 x 0.42 inches,0.6 pounds
196,1980,1561,Succumb,Fantasy : Dark,Ebony Olson,$9.99,,290 pages,CreateSpace Independent Publishing Platform,"""November 10, 2017""",English,1979589542,978-1979589543,6 x 0.7 x 9 inches,1.1 pounds,Starseers,Science Fiction - Space Opera,Lindsay Buroker,$9.99,,222.0,Createspace Independent Publishing Platform,June 2016,,1534634711,9781534634718,9 x 6 x 0.51 inches,0.73 pounds
197,1980,996,Succumb,Fantasy : Dark,Ebony Olson,$9.99,,290 pages,CreateSpace Independent Publishing Platform,"""November 10, 2017""",English,1979589542,978-1979589543,6 x 0.7 x 9 inches,1.1 pounds,Battlecry,Science Fiction - Space Opera,T. Jackson King,$9.99,,248.0,Createspace Independent Publishing Platform,March 2017,,1544071787,9781544071787,9 x 6 x 0.56 inches,0.81 pounds
198,1980,962,Succumb,Fantasy : Dark,Ebony Olson,$9.99,,290 pages,CreateSpace Independent Publishing Platform,"""November 10, 2017""",English,1979589542,978-1979589543,6 x 0.7 x 9 inches,1.1 pounds,Vanquish,Science Fiction - Space Opera,G. P. Hudson,$14.99,,338.0,Createspace Independent Publishing Platform,March 2017,,1544110286,9781544110288,9 x 6 x 0.7 inches,1 pounds
199,1980,766,Succumb,Fantasy : Dark,Ebony Olson,$9.99,,290 pages,CreateSpace Independent Publishing Platform,"""November 10, 2017""",English,1979589542,978-1979589543,6 x 0.7 x 9 inches,1.1 pounds,Neverwylde,Science Fiction - Space Opera,Linda Mooney,$9.99,,180.0,Createspace Independent Publishing Platform,June 2017,,1547193573,9781547193578,9 x 6 x 0.38 inches,0.55 pounds
